phase,bench,cl,ch,al,am,ah,wi,wp,wf,wg,area,delay,acc,rej,nodes
P1,adder,0.15,0.85,0.10,0.20,0.40,0.00,0.50,0.25,0.25,799.2,3873.34,16,64,1000
P1,adder,0.15,0.85,0.30,0.50,0.80,0.00,0.50,0.25,0.25,756.7,3863.51,10,66,1006
P1,adder,0.15,0.85,0.50,0.70,0.90,0.00,0.50,0.25,0.25,756.7,3863.51,10,66,1006
P1,adder,0.15,0.85,0.20,0.50,0.70,0.00,0.50,0.25,0.25,756.1,3862.49,11,78,1004
P1,adder,0.15,0.95,0.10,0.20,0.40,0.00,0.50,0.25,0.25,762.7,3873.34,15,80,1003
P1,adder,0.15,0.95,0.30,0.50,0.80,0.00,0.50,0.25,0.25,752.1,3865.07,5,68,1018
P1,adder,0.15,0.95,0.50,0.70,0.90,0.00,0.50,0.25,0.25,790.2,3873.34,18,84,989
P1,adder,0.15,0.95,0.20,0.50,0.70,0.00,0.50,0.25,0.25,784.3,3863.51,23,105,979
P1,adder,0.25,0.85,0.10,0.20,0.40,0.00,0.50,0.25,0.25,793.6,3873.34,16,67,991
P1,adder,0.25,0.85,0.30,0.50,0.80,0.00,0.50,0.25,0.25,744.7,3863.32,12,58,1003
P1,adder,0.25,0.85,0.50,0.70,0.90,0.00,0.50,0.25,0.25,744.7,3863.32,12,58,1003
P1,adder,0.25,0.85,0.20,0.50,0.70,0.00,0.50,0.25,0.25,755.6,3862.49,14,93,1005
P1,adder,0.25,0.95,0.10,0.20,0.40,0.00,0.50,0.25,0.25,792.0,3873.34,18,70,989
P1,adder,0.25,0.95,0.30,0.50,0.80,0.00,0.50,0.25,0.25,752.1,3865.07,5,72,1018
P1,adder,0.25,0.95,0.50,0.70,0.90,0.00,0.50,0.25,0.25,790.2,3873.34,17,81,988
P1,adder,0.25,0.95,0.20,0.50,0.70,0.00,0.50,0.25,0.25,795.0,3873.34,15,74,992
P1,bar,0.15,0.85,0.10,0.20,0.40,0.00,0.50,0.25,0.25,2091.6,237.72,4,16,2956
P1,bar,0.15,0.85,0.30,0.50,0.80,0.00,0.50,0.25,0.25,2091.6,237.72,4,16,2956
P1,bar,0.15,0.85,0.50,0.70,0.90,0.00,0.50,0.25,0.25,2090.0,237.72,5,15,2956
P1,bar,0.15,0.85,0.20,0.50,0.70,0.00,0.50,0.25,0.25,2091.6,237.72,4,16,2956
P1,bar,0.15,0.95,0.10,0.20,0.40,0.00,0.50,0.25,0.25,2091.6,237.72,4,16,2956
P1,bar,0.15,0.95,0.30,0.50,0.80,0.00,0.50,0.25,0.25,2091.6,237.72,4,16,2956
P1,bar,0.15,0.95,0.50,0.70,0.90,0.00,0.50,0.25,0.25,2090.0,237.72,5,15,2956
P1,bar,0.15,0.95,0.20,0.50,0.70,0.00,0.50,0.25,0.25,2091.6,237.72,4,16,2956
P1,bar,0.25,0.85,0.10,0.20,0.40,0.00,0.50,0.25,0.25,2091.6,237.72,4,16,2956
P1,bar,0.25,0.85,0.30,0.50,0.80,0.00,0.50,0.25,0.25,2091.6,237.72,4,16,2956
P1,bar,0.25,0.85,0.50,0.70,0.90,0.00,0.50,0.25,0.25,2090.0,237.72,5,15,2956
P1,bar,0.25,0.85,0.20,0.50,0.70,0.00,0.50,0.25,0.25,2091.6,237.72,4,16,2956
P1,bar,0.25,0.95,0.10,0.20,0.40,0.00,0.50,0.25,0.25,2091.6,237.72,4,16,2956
P1,bar,0.25,0.95,0.30,0.50,0.80,0.00,0.50,0.25,0.25,2091.6,237.72,4,16,2956
P1,bar,0.25,0.95,0.50,0.70,0.90,0.00,0.50,0.25,0.25,2090.0,237.72,5,15,2956
P1,bar,0.25,0.95,0.20,0.50,0.70,0.00,0.50,0.25,0.25,2091.6,237.72,4,16,2956
P1,div,0.15,0.85,0.10,0.20,0.40,0.00,0.50,0.25,0.25,44730.3,66404.21,46,75,51238
P1,div,0.15,0.85,0.30,0.50,0.80,0.00,0.50,0.25,0.25,47829.3,66485.34,55,34,54317
P1,div,0.15,0.85,0.50,0.70,0.90,0.00,0.50,0.25,0.25,50947.2,66320.98,34,19,55495
P1,div,0.15,0.85,0.20,0.50,0.70,0.00,0.50,0.25,0.25,42318.4,66508.09,72,54,49453
P1,div,0.15,0.95,0.10,0.20,0.40,0.00,0.50,0.25,0.25,42825.5,66218.18,48,104,50478
P1,div,0.15,0.95,0.30,0.50,0.80,0.00,0.50,0.25,0.25,46453.2,66416.58,71,37,52488
P1,div,0.15,0.95,0.50,0.70,0.90,0.00,0.50,0.25,0.25,46991.2,66393.14,65,46,53011
P1,div,0.15,0.95,0.20,0.50,0.70,0.00,0.50,0.25,0.25,42954.1,66144.24,68,56,50940
P1,div,0.25,0.85,0.10,0.20,0.40,0.00,0.50,0.25,0.25,45909.0,66460.74,47,63,52176
P1,div,0.25,0.85,0.30,0.50,0.80,0.00,0.50,0.25,0.25,48912.7,66518.01,33,12,55207
P1,div,0.25,0.85,0.50,0.70,0.90,0.00,0.50,0.25,0.25,50978.4,66333.23,30,26,55743
P1,div,0.25,0.85,0.20,0.50,0.70,0.00,0.50,0.25,0.25,49697.7,66461.19,36,17,55127
P1,div,0.25,0.95,0.10,0.20,0.40,0.00,0.50,0.25,0.25,42825.5,66218.18,48,104,50478
P1,div,0.25,0.95,0.30,0.50,0.80,0.00,0.50,0.25,0.25,46930.6,66381.98,69,39,53551
P1,div,0.25,0.95,0.50,0.70,0.90,0.00,0.50,0.25,0.25,48054.8,66404.82,70,37,53619
P1,div,0.25,0.95,0.20,0.50,0.70,0.00,0.50,0.25,0.25,42902.0,66172.78,70,55,50657
P1,hyp,0.15,0.85,0.10,0.20,0.40,0.00,0.50,0.25,0.25,156138.7,375202.12,1,18,214330
P1,hyp,0.15,0.85,0.30,0.50,0.80,0.00,0.50,0.25,0.25,156136.9,375202.12,3,17,214328
P1,hyp,0.15,0.85,0.50,0.70,0.90,0.00,0.50,0.25,0.25,156228.0,375852.62,6,14,214328
P1,hyp,0.15,0.85,0.20,0.50,0.70,0.00,0.50,0.25,0.25,156136.6,375209.94,3,17,214329
P1,hyp,0.15,0.95,0.10,0.20,0.40,0.00,0.50,0.25,0.25,156162.1,374992.25,3,17,214330
P1,hyp,0.15,0.95,0.30,0.50,0.80,0.00,0.50,0.25,0.25,156097.8,374985.72,4,16,214328
P1,hyp,0.15,0.95,0.50,0.70,0.90,0.00,0.50,0.25,0.25,156097.8,374985.72,4,17,214328
P1,hyp,0.15,0.95,0.20,0.50,0.70,0.00,0.50,0.25,0.25,156163.2,374984.44,2,17,214330
P1,hyp,0.25,0.85,0.10,0.20,0.40,0.00,0.50,0.25,0.25,156138.7,375202.12,1,18,214330
P1,hyp,0.25,0.85,0.30,0.50,0.80,0.00,0.50,0.25,0.25,156136.9,375202.12,3,17,214328
P1,hyp,0.25,0.85,0.50,0.70,0.90,0.00,0.50,0.25,0.25,156228.0,375852.62,6,14,214328
P1,hyp,0.25,0.85,0.20,0.50,0.70,0.00,0.50,0.25,0.25,156130.5,375197.28,2,17,214329
P1,hyp,0.25,0.95,0.10,0.20,0.40,0.00,0.50,0.25,0.25,156158.9,374985.09,2,17,214330
P1,hyp,0.25,0.95,0.30,0.50,0.80,0.00,0.50,0.25,0.25,156098.0,374985.72,3,15,214329
P1,hyp,0.25,0.95,0.50,0.70,0.90,0.00,0.50,0.25,0.25,156098.0,374985.72,3,16,214329
P1,hyp,0.25,0.95,0.20,0.50,0.70,0.00,0.50,0.25,0.25,156164.7,374984.44,1,17,214331
P1,log2,0.15,0.85,0.10,0.20,0.40,0.00,0.50,0.25,0.25,19745.6,6190.35,5,75,31398
P1,log2,0.15,0.85,0.30,0.50,0.80,0.00,0.50,0.25,0.25,19820.0,6363.85,11,80,32058
P1,log2,0.15,0.85,0.50,0.70,0.90,0.00,0.50,0.25,0.25,19811.9,6359.40,11,82,32039
P1,log2,0.15,0.85,0.20,0.50,0.70,0.00,0.50,0.25,0.25,19838.0,6363.85,10,81,32053
P1,log2,0.15,0.95,0.10,0.20,0.40,0.00,0.50,0.25,0.25,19549.4,6285.76,19,108,31281
P1,log2,0.15,0.95,0.30,0.50,0.80,0.00,0.50,0.25,0.25,19717.9,6367.20,18,76,32009
P1,log2,0.15,0.95,0.50,0.70,0.90,0.00,0.50,0.25,0.25,19717.9,6367.20,18,76,32009
P1,log2,0.15,0.95,0.20,0.50,0.70,0.00,0.50,0.25,0.25,19651.4,6291.75,14,108,31489
P1,log2,0.25,0.85,0.10,0.20,0.40,0.00,0.50,0.25,0.25,19745.6,6190.35,5,76,31398
P1,log2,0.25,0.85,0.30,0.50,0.80,0.00,0.50,0.25,0.25,19820.3,6378.41,14,77,32060
P1,log2,0.25,0.85,0.50,0.70,0.90,0.00,0.50,0.25,0.25,19774.8,6359.88,12,83,32034
P1,log2,0.25,0.85,0.20,0.50,0.70,0.00,0.50,0.25,0.25,19836.3,6363.40,14,77,32060
P1,log2,0.25,0.95,0.10,0.20,0.40,0.00,0.50,0.25,0.25,19542.3,6285.76,22,127,31280
P1,log2,0.25,0.95,0.30,0.50,0.80,0.00,0.50,0.25,0.25,19720.1,6367.20,20,75,32014
P1,log2,0.25,0.95,0.50,0.70,0.90,0.00,0.50,0.25,0.25,19705.7,6362.75,19,78,32014
P1,log2,0.25,0.95,0.20,0.50,0.70,0.00,0.50,0.25,0.25,19642.9,6291.75,21,126,31485
P1,max,0.15,0.85,0.10,0.20,0.40,0.00,0.50,0.25,0.25,1919.6,4335.14,42,298,2827
P1,max,0.15,0.85,0.30,0.50,0.80,0.00,0.50,0.25,0.25,1960.1,4434.24,40,287,2842
P1,max,0.15,0.85,0.50,0.70,0.90,0.00,0.50,0.25,0.25,1976.7,4103.57,32,291,2847
P1,max,0.15,0.85,0.20,0.50,0.70,0.00,0.50,0.25,0.25,1934.0,4213.04,46,354,2834
P1,max,0.15,0.95,0.10,0.20,0.40,0.00,0.50,0.25,0.25,1893.7,4208.77,66,368,2826
P1,max,0.15,0.95,0.30,0.50,0.80,0.00,0.50,0.25,0.25,1983.4,4035.59,19,311,2858
P1,max,0.15,0.95,0.50,0.70,0.90,0.00,0.50,0.25,0.25,1978.6,4100.83,24,303,2852
P1,max,0.15,0.95,0.20,0.50,0.70,0.00,0.50,0.25,0.25,2005.0,4127.55,33,307,2851
P1,max,0.25,0.85,0.10,0.20,0.40,0.00,0.50,0.25,0.25,1930.7,4370.46,43,311,2826
P1,max,0.25,0.85,0.30,0.50,0.80,0.00,0.50,0.25,0.25,1952.6,4293.51,38,414,2847
P1,max,0.25,0.85,0.50,0.70,0.90,0.00,0.50,0.25,0.25,1974.0,4025.56,31,292,2854
P1,max,0.25,0.85,0.20,0.50,0.70,0.00,0.50,0.25,0.25,1930.5,4191.41,50,327,2830
P1,max,0.25,0.95,0.10,0.20,0.40,0.00,0.50,0.25,0.25,1904.4,3985.03,66,339,2841
P1,max,0.25,0.95,0.30,0.50,0.80,0.00,0.50,0.25,0.25,1971.2,4084.95,25,307,2852
P1,max,0.25,0.95,0.50,0.70,0.90,0.00,0.50,0.25,0.25,1971.4,4090.38,24,307,2854
P1,max,0.25,0.95,0.20,0.50,0.70,0.00,0.50,0.25,0.25,1991.5,4285.30,51,370,2846
P1,multiplier,0.15,0.85,0.10,0.20,0.40,0.00,0.50,0.25,0.25,19707.5,4009.48,36,100,26644
P1,multiplier,0.15,0.85,0.30,0.50,0.80,0.00,0.50,0.25,0.25,19998.2,4009.48,30,110,26995
P1,multiplier,0.15,0.85,0.50,0.70,0.90,0.00,0.50,0.25,0.25,19879.6,4009.48,34,107,26998
P1,multiplier,0.15,0.85,0.20,0.50,0.70,0.00,0.50,0.25,0.25,20001.9,4009.48,29,112,26993
P1,multiplier,0.15,0.95,0.10,0.20,0.40,0.00,0.50,0.25,0.25,19787.8,4009.48,36,124,26875
P1,multiplier,0.15,0.95,0.30,0.50,0.80,0.00,0.50,0.25,0.25,19962.0,4009.48,36,106,26982
P1,multiplier,0.15,0.95,0.50,0.70,0.90,0.00,0.50,0.25,0.25,19962.0,4009.48,36,105,26982
P1,multiplier,0.15,0.95,0.20,0.50,0.70,0.00,0.50,0.25,0.25,19932.9,4009.48,30,127,26891
P1,multiplier,0.25,0.85,0.10,0.20,0.40,0.00,0.50,0.25,0.25,19707.5,4009.48,36,100,26644
P1,multiplier,0.25,0.85,0.30,0.50,0.80,0.00,0.50,0.25,0.25,19970.6,4009.48,34,106,26984
P1,multiplier,0.25,0.85,0.50,0.70,0.90,0.00,0.50,0.25,0.25,19885.5,4009.48,40,111,26974
P1,multiplier,0.25,0.85,0.20,0.50,0.70,0.00,0.50,0.25,0.25,19986.3,4009.48,31,114,26985
P1,multiplier,0.25,0.95,0.10,0.20,0.40,0.00,0.50,0.25,0.25,19869.6,4009.48,34,135,26885
P1,multiplier,0.25,0.95,0.30,0.50,0.80,0.00,0.50,0.25,0.25,19920.7,4009.48,37,105,26966
P1,multiplier,0.25,0.95,0.50,0.70,0.90,0.00,0.50,0.25,0.25,19917.3,4009.48,38,112,26965
P1,multiplier,0.25,0.95,0.20,0.50,0.70,0.00,0.50,0.25,0.25,19873.6,4009.48,41,127,26867
P1,sin,0.15,0.85,0.10,0.20,0.40,0.00,0.50,0.25,0.25,3784.9,3036.73,31,489,5127
P1,sin,0.15,0.85,0.30,0.50,0.80,0.00,0.50,0.25,0.25,3846.2,3048.48,44,218,5255
P1,sin,0.15,0.85,0.50,0.70,0.90,0.00,0.50,0.25,0.25,3959.7,3061.69,33,256,5303
P1,sin,0.15,0.85,0.20,0.50,0.70,0.00,0.50,0.25,0.25,3846.2,3048.48,44,218,5255
P1,sin,0.15,0.95,0.10,0.20,0.40,0.00,0.50,0.25,0.25,3794.6,2993.21,61,580,5196
P1,sin,0.15,0.95,0.30,0.50,0.80,0.00,0.50,0.25,0.25,3798.1,3095.55,61,503,5245
P1,sin,0.15,0.95,0.50,0.70,0.90,0.00,0.50,0.25,0.25,3819.6,3105.96,50,509,5292
P1,sin,0.15,0.95,0.20,0.50,0.70,0.00,0.50,0.25,0.25,3773.0,3032.64,62,548,5167
P1,sin,0.25,0.85,0.10,0.20,0.40,0.00,0.50,0.25,0.25,3784.9,3036.73,31,488,5127
P1,sin,0.25,0.85,0.30,0.50,0.80,0.00,0.50,0.25,0.25,3834.4,3055.46,42,259,5294
P1,sin,0.25,0.85,0.50,0.70,0.90,0.00,0.50,0.25,0.25,3920.0,3051.02,38,231,5267
P1,sin,0.25,0.85,0.20,0.50,0.70,0.00,0.50,0.25,0.25,3921.3,3022.63,32,262,5290
P1,sin,0.25,0.95,0.10,0.20,0.40,0.00,0.50,0.25,0.25,3866.0,2953.58,60,546,5193
P1,sin,0.25,0.95,0.30,0.50,0.80,0.00,0.50,0.25,0.25,3893.3,3078.36,46,534,5307
P1,sin,0.25,0.95,0.50,0.70,0.90,0.00,0.50,0.25,0.25,3854.1,3111.09,62,500,5252
P1,sin,0.25,0.95,0.20,0.50,0.70,0.00,0.50,0.25,0.25,3795.7,2995.43,53,544,5181
P1,sqrt,0.15,0.85,0.10,0.20,0.40,0.00,0.50,0.25,0.25,13373.6,90562.52,22,79,18334
P1,sqrt,0.15,0.85,0.30,0.50,0.80,0.00,0.50,0.25,0.25,17565.2,85726.88,16,11,21651
P1,sqrt,0.15,0.85,0.50,0.70,0.90,0.00,0.50,0.25,0.25,17141.6,86817.99,20,12,21039
P1,sqrt,0.15,0.85,0.20,0.50,0.70,0.00,0.50,0.25,0.25,15426.7,88440.95,16,19,19722
P1,sqrt,0.15,0.95,0.10,0.20,0.40,0.00,0.50,0.25,0.25,13154.1,90095.32,35,1624,18354
P1,sqrt,0.15,0.95,0.30,0.50,0.80,0.00,0.50,0.25,0.25,17417.6,84889.22,22,25,21621
P1,sqrt,0.15,0.95,0.50,0.70,0.90,0.00,0.50,0.25,0.25,17417.6,84889.22,22,25,21621
P1,sqrt,0.15,0.95,0.20,0.50,0.70,0.00,0.50,0.25,0.25,16132.1,87078.42,16,19,20309
P1,sqrt,0.25,0.85,0.10,0.20,0.40,0.00,0.50,0.25,0.25,13359.5,90634.51,24,79,18334
P1,sqrt,0.25,0.85,0.30,0.50,0.80,0.00,0.50,0.25,0.25,17734.0,85442.00,16,12,21840
P1,sqrt,0.25,0.85,0.50,0.70,0.90,0.00,0.50,0.25,0.25,16872.5,86701.30,19,11,21025
P1,sqrt,0.25,0.85,0.20,0.50,0.70,0.00,0.50,0.25,0.25,15461.0,88497.36,16,12,19774
P1,sqrt,0.25,0.95,0.10,0.20,0.40,0.00,0.50,0.25,0.25,13164.3,90279.85,33,1625,18359
P1,sqrt,0.25,0.95,0.30,0.50,0.80,0.00,0.50,0.25,0.25,17304.6,85429.84,19,14,21566
P1,sqrt,0.25,0.95,0.50,0.70,0.90,0.00,0.50,0.25,0.25,17304.6,85429.84,19,14,21566
P1,sqrt,0.25,0.95,0.20,0.50,0.70,0.00,0.50,0.25,0.25,15975.9,87108.23,15,18,20170
P1,square,0.15,0.85,0.10,0.20,0.40,0.00,0.50,0.25,0.25,12728.6,3781.09,51,184,18242
P1,square,0.15,0.85,0.30,0.50,0.80,0.00,0.50,0.25,0.25,12741.0,3754.16,46,181,18406
P1,square,0.15,0.85,0.50,0.70,0.90,0.00,0.50,0.25,0.25,12736.5,3749.31,45,199,18401
P1,square,0.15,0.85,0.20,0.50,0.70,0.00,0.50,0.25,0.25,12736.1,3744.23,48,182,18398
P1,square,0.15,0.95,0.10,0.20,0.40,0.00,0.50,0.25,0.25,12711.5,3738.29,56,187,18342
P1,square,0.15,0.95,0.30,0.50,0.80,0.00,0.50,0.25,0.25,12719.0,3758.59,47,188,18394
P1,square,0.15,0.95,0.50,0.70,0.90,0.00,0.50,0.25,0.25,12717.4,3758.59,47,197,18396
P1,square,0.15,0.95,0.20,0.50,0.70,0.00,0.50,0.25,0.25,12707.3,3747.61,51,189,18369
P1,square,0.25,0.85,0.10,0.20,0.40,0.00,0.50,0.25,0.25,12728.6,3781.09,51,185,18242
P1,square,0.25,0.85,0.30,0.50,0.80,0.00,0.50,0.25,0.25,12746.7,3744.42,58,167,18406
P1,square,0.25,0.85,0.50,0.70,0.90,0.00,0.50,0.25,0.25,12731.6,3754.16,41,213,18385
P1,square,0.25,0.85,0.20,0.50,0.70,0.00,0.50,0.25,0.25,12747.4,3728.55,48,183,18405
P1,square,0.25,0.95,0.10,0.20,0.40,0.00,0.50,0.25,0.25,12719.4,3728.78,51,190,18379
P1,square,0.25,0.95,0.30,0.50,0.80,0.00,0.50,0.25,0.25,12721.0,3754.16,41,194,18392
P1,square,0.25,0.95,0.50,0.70,0.90,0.00,0.50,0.25,0.25,12717.5,3754.16,50,203,18382
P1,square,0.25,0.95,0.20,0.50,0.70,0.00,0.50,0.25,0.25,12731.2,3728.59,43,199,18387
P2,adder,0.15,0.95,0.10,0.20,0.40,0.00,0.50,0.25,0.25,762.7,3873.34,15,80,1003
P2,adder,0.15,0.95,0.10,0.20,0.40,0.00,0.33,0.33,0.34,762.7,3873.34,15,80,1003
P2,adder,0.15,0.95,0.10,0.20,0.40,0.00,0.60,0.20,0.20,762.7,3873.34,15,80,1003
P2,adder,0.15,0.95,0.10,0.20,0.40,0.00,0.20,0.60,0.20,779.2,3863.51,26,101,981
P2,adder,0.15,0.95,0.10,0.20,0.40,0.00,0.20,0.20,0.60,762.7,3873.34,15,80,1003
P2,bar,0.15,0.95,0.10,0.20,0.40,0.00,0.50,0.25,0.25,2091.6,237.72,4,16,2956
P2,bar,0.15,0.95,0.10,0.20,0.40,0.00,0.33,0.33,0.34,2091.6,237.72,4,16,2956
P2,bar,0.15,0.95,0.10,0.20,0.40,0.00,0.60,0.20,0.20,2091.6,237.72,4,16,2956
P2,bar,0.15,0.95,0.10,0.20,0.40,0.00,0.20,0.60,0.20,2091.6,237.72,4,16,2956
P2,bar,0.15,0.95,0.10,0.20,0.40,0.00,0.20,0.20,0.60,2091.6,237.72,4,16,2956
P2,div,0.15,0.95,0.10,0.20,0.40,0.00,0.50,0.25,0.25,42825.5,66218.18,48,103,50478
P2,div,0.15,0.95,0.10,0.20,0.40,0.00,0.33,0.33,0.34,42825.5,66218.18,48,101,50478
P2,div,0.15,0.95,0.10,0.20,0.40,0.00,0.60,0.20,0.20,42825.5,66218.18,48,100,50478
P2,div,0.15,0.95,0.10,0.20,0.40,0.00,0.20,0.60,0.20,42825.5,66218.18,48,100,50478
P2,div,0.15,0.95,0.10,0.20,0.40,0.00,0.20,0.20,0.60,42825.5,66218.18,48,101,50478
P2,hyp,0.15,0.95,0.10,0.20,0.40,0.00,0.50,0.25,0.25,156163.2,374984.44,2,16,214330
P2,hyp,0.15,0.95,0.10,0.20,0.40,0.00,0.33,0.33,0.34,156163.2,374984.44,2,17,214330
P2,hyp,0.15,0.95,0.10,0.20,0.40,0.00,0.60,0.20,0.20,156163.2,374984.44,2,17,214330
P2,hyp,0.15,0.95,0.10,0.20,0.40,0.00,0.20,0.60,0.20,156163.2,374984.44,2,17,214330
P2,hyp,0.15,0.95,0.10,0.20,0.40,0.00,0.20,0.20,0.60,156163.2,374984.44,2,17,214330
P2,log2,0.15,0.95,0.10,0.20,0.40,0.00,0.50,0.25,0.25,19549.4,6285.76,19,113,31281
P2,log2,0.15,0.95,0.10,0.20,0.40,0.00,0.33,0.33,0.34,19528.3,6285.76,17,108,31285
P2,log2,0.15,0.95,0.10,0.20,0.40,0.00,0.60,0.20,0.20,19542.2,6285.76,21,104,31278
P2,log2,0.15,0.95,0.10,0.20,0.40,0.00,0.20,0.60,0.20,19528.3,6285.76,17,108,31285
P2,log2,0.15,0.95,0.10,0.20,0.40,0.00,0.20,0.20,0.60,19528.3,6285.76,17,107,31285
P2,max,0.15,0.95,0.10,0.20,0.40,0.00,0.50,0.25,0.25,1893.7,4208.77,66,368,2826
P2,max,0.15,0.95,0.10,0.20,0.40,0.00,0.33,0.33,0.34,1893.7,4208.77,66,368,2826
P2,max,0.15,0.95,0.10,0.20,0.40,0.00,0.60,0.20,0.20,1893.7,4208.77,66,368,2826
P2,max,0.15,0.95,0.10,0.20,0.40,0.00,0.20,0.60,0.20,1893.7,4208.77,66,368,2826
P2,max,0.15,0.95,0.10,0.20,0.40,0.00,0.20,0.20,0.60,1893.7,4208.77,66,368,2826
P2,multiplier,0.15,0.95,0.10,0.20,0.40,0.00,0.50,0.25,0.25,19786.5,4009.48,37,126,26870
P2,multiplier,0.15,0.95,0.10,0.20,0.40,0.00,0.33,0.33,0.34,19795.9,4009.48,37,127,26877
P2,multiplier,0.15,0.95,0.10,0.20,0.40,0.00,0.60,0.20,0.20,19683.3,4009.48,45,118,26835
P2,multiplier,0.15,0.95,0.10,0.20,0.40,0.00,0.20,0.60,0.20,19795.9,4009.48,37,126,26877
P2,multiplier,0.15,0.95,0.10,0.20,0.40,0.00,0.20,0.20,0.60,19795.1,4009.48,38,127,26874
P2,sin,0.15,0.95,0.10,0.20,0.40,0.00,0.50,0.25,0.25,3793.8,2993.21,63,588,5196
P2,sin,0.15,0.95,0.10,0.20,0.40,0.00,0.33,0.33,0.34,3782.1,3049.21,49,584,5198
P2,sin,0.15,0.95,0.10,0.20,0.40,0.00,0.60,0.20,0.20,3758.6,3016.65,47,588,5177
P2,sin,0.15,0.95,0.10,0.20,0.40,0.00,0.20,0.60,0.20,3810.1,2953.07,60,582,5192
P2,sin,0.15,0.95,0.10,0.20,0.40,0.00,0.20,0.20,0.60,3782.1,3049.21,49,584,5198
P2,sqrt,0.15,0.95,0.10,0.20,0.40,0.00,0.50,0.25,0.25,13154.1,90095.32,35,1624,18354
P2,sqrt,0.15,0.95,0.10,0.20,0.40,0.00,0.33,0.33,0.34,13154.1,90095.32,35,1624,18354
P2,sqrt,0.15,0.95,0.10,0.20,0.40,0.00,0.60,0.20,0.20,13154.1,90095.32,35,1624,18354
P2,sqrt,0.15,0.95,0.10,0.20,0.40,0.00,0.20,0.60,0.20,13161.8,90055.06,31,1643,18356
P2,sqrt,0.15,0.95,0.10,0.20,0.40,0.00,0.20,0.20,0.60,13154.1,90095.32,35,1624,18354
P2,square,0.15,0.95,0.10,0.20,0.40,0.00,0.50,0.25,0.25,12712.0,3738.29,55,180,18344
P2,square,0.15,0.95,0.10,0.20,0.40,0.00,0.33,0.33,0.34,12691.6,3748.03,61,171,18333
P2,square,0.15,0.95,0.10,0.20,0.40,0.00,0.60,0.20,0.20,12705.9,3738.29,50,180,18360
P2,square,0.15,0.95,0.10,0.20,0.40,0.00,0.20,0.60,0.20,12691.6,3748.03,61,168,18333
P2,square,0.15,0.95,0.10,0.20,0.40,0.00,0.20,0.20,0.60,12691.6,3748.03,61,169,18333
P3,adder,0.15,0.95,0.10,0.20,0.40,0.00,0.60,0.20,0.20,762.7,3873.34,15,80,1003
P3,bar,0.15,0.95,0.10,0.20,0.40,0.00,0.60,0.20,0.20,2091.6,237.72,4,16,2956
P3,div,0.15,0.95,0.10,0.20,0.40,0.00,0.60,0.20,0.20,42845.0,66218.18,45,92,50577
P3,hyp,0.15,0.95,0.10,0.20,0.40,0.00,0.60,0.20,0.20,156163.2,374984.44,2,16,214330
P3,log2,0.15,0.95,0.10,0.20,0.40,0.00,0.60,0.20,0.20,19546.9,6285.76,19,99,31283
P3,max,0.15,0.95,0.10,0.20,0.40,0.00,0.60,0.20,0.20,1893.7,4208.77,66,368,2826
P3,multiplier,0.15,0.95,0.10,0.20,0.40,0.00,0.60,0.20,0.20,19687.2,4009.48,44,112,26836
P3,sin,0.15,0.95,0.10,0.20,0.40,0.00,0.60,0.20,0.20,3758.6,3016.65,47,573,5177
P3,sqrt,0.15,0.95,0.10,0.20,0.40,0.00,0.60,0.20,0.20,13154.1,90095.32,35,1624,18354
P3,square,0.15,0.95,0.10,0.20,0.40,0.00,0.60,0.20,0.20,12705.9,3738.29,50,180,18360
