objId,type,node_name,fanin_count,fanin0_name,fanin1_name,fanout,arrival,required,slack,level,area,gate_name,criticality,opt_potential,struct_raw,struct_potential,slack_potential,opt_potential_low,opt_potential_middle,opt_potential_high,fanin0_objId,fanin1_objId
87,NODE,n87,2,G16,G6,2,1.000000,1.000000,0.000000,1,1.00,AND2_X1,1.000000,0.305252,0.436667,0.678337,0.000000,0.474836,0.305252,0.101751,2,3
88,NODE,n88,2,G8,n87,1,2.000000,2.000000,0.000000,2,1.00,NAND2_X1,1.000000,0.334792,0.470000,0.743982,0.000000,0.520788,0.334792,0.111597,1,87
89,NODE,n89,2,G6,G7,2,1.000000,1.000000,0.000000,1,1.00,AND2_X1,1.000000,0.305252,0.436667,0.678337,0.000000,0.474836,0.305252,0.101751,3,5
90,NODE,n90,2,G17,n89,1,2.000000,2.000000,0.000000,2,1.00,NAND2_X1,1.000000,0.334792,0.470000,0.743982,0.000000,0.520788,0.334792,0.111597,4,89
91,NODE,n91,2,G8,n89,3,2.000000,2.000000,0.000000,2,1.00,NAND2_X1,1.000000,0.024617,0.120000,0.054705,0.000000,0.038293,0.024617,0.008206,1,89
92,NODE,n92,2,G18,G19,1,1.000000,1.000000,0.000000,1,1.00,NAND2_X1,1.000000,0.334792,0.470000,0.743982,0.000000,0.520788,0.334792,0.111597,6,7
93,NODE,n93,2,G4,G3,2,1.000000,1.000000,0.000000,1,1.00,AND2_X1,1.000000,0.305252,0.436667,0.678337,0.000000,0.474836,0.305252,0.101751,8,9
94,NODE,n94,2,G2,G1,3,1.000000,1.000000,0.000000,1,1.00,AND2_X1,1.000000,0.024617,0.120000,0.054705,0.000000,0.038293,0.024617,0.008206,10,11
95,NODE,n95,2,n93,n94,1,2.000000,2.000000,0.000000,2,1.00,NAND2_X1,1.000000,0.334792,0.470000,0.743982,0.000000,0.520788,0.334792,0.111597,93,94
96,NODE,n96,2,G1,G5,2,1.000000,1.000000,0.000000,1,1.00,AND2_X1,1.000000,0.305252,0.436667,0.678337,0.000000,0.474836,0.305252,0.101751,11,12
97,NODE,n97,2,n93,n96,2,2.000000,2.000000,0.000000,2,1.00,AND2_X1,1.000000,0.305252,0.436667,0.678337,0.000000,0.474836,0.305252,0.101751,93,96
98,NODE,n98,2,n91,n97,1,3.000000,3.000000,0.000000,3,1.00,AND2_X1,1.000000,0.334792,0.470000,0.743982,0.000000,0.520788,0.334792,0.111597,91,97
99,NODE,n99,2,G16,G11,2,1.000000,1.000000,0.000000,1,1.00,AND2_X1,1.000000,0.305252,0.436667,0.678337,0.000000,0.474836,0.305252,0.101751,2,13
100,NODE,n100,2,G17,n99,1,2.000000,2.000000,0.000000,2,1.00,AND2_X1,1.000000,0.334792,0.470000,0.743982,0.000000,0.520788,0.334792,0.111597,4,99
101,NODE,n101,2,G7,G11,2,1.000000,1.000000,0.000000,1,1.00,AND2_X1,1.000000,0.305252,0.436667,0.678337,0.000000,0.474836,0.305252,0.101751,5,13
102,NODE,n102,2,G17,n101,1,2.000000,2.000000,0.000000,2,1.00,AND2_X1,1.000000,0.334792,0.470000,0.743982,0.000000,0.520788,0.334792,0.111597,4,101
103,NODE,n103,2,G8,n101,1,2.000000,2.000000,0.000000,2,1.00,AND2_X1,1.000000,0.334792,0.470000,0.743982,0.000000,0.520788,0.334792,0.111597,1,101
104,NODE,n104,1,G20,,1,1.000000,1.000000,0.000000,1,1.00,INV_X1,1.000000,0.450000,0.600000,1.000000,0.000000,0.700000,0.450000,0.150000,15,-1
105,NODE,n105,1,G21,,1,1.000000,1.000000,0.000000,1,1.00,INV_X1,1.000000,0.450000,0.600000,1.000000,0.000000,0.700000,0.450000,0.150000,16,-1
106,NODE,n106,2,n104,n105,2,2.000000,2.000000,0.000000,2,1.00,NAND2_X1,1.000000,0.305252,0.436667,0.678337,0.000000,0.474836,0.305252,0.101751,104,105
107,NODE,n107,2,G23,n106,1,3.000000,3.000000,0.000000,3,1.00,NAND2_X1,1.000000,0.334792,0.470000,0.743982,0.000000,0.520788,0.334792,0.111597,14,106
108,NODE,n108,1,n91,,1,3.000000,3.000000,0.000000,3,1.00,INV_X1,1.000000,0.450000,0.600000,1.000000,0.000000,0.700000,0.450000,0.150000,91,-1
109,NODE,n109,2,n108,n97,1,4.000000,4.000000,0.000000,4,1.00,AND2_X1,1.000000,0.334792,0.470000,0.743982,0.000000,0.520788,0.334792,0.111597,108,97
110,NODE,n110,2,G9,n96,2,2.000000,2.000000,0.000000,2,1.00,NAND2_X1,1.000000,0.305252,0.436667,0.678337,0.000000,0.474836,0.305252,0.101751,17,96
111,NODE,n111,2,G3,G10,1,1.000000,1.000000,0.000000,1,1.00,AND2_X1,1.000000,0.334792,0.470000,0.743982,0.000000,0.520788,0.334792,0.111597,9,18
112,NODE,n112,2,n94,n111,3,2.000000,2.000000,0.000000,2,1.00,AND2_X1,1.000000,0.024617,0.120000,0.054705,0.000000,0.038293,0.024617,0.008206,94,111
113,NODE,n113,2,G6,G12,1,1.000000,2.000000,1.000000,1,1.00,AND2_X1,0.961538,0.355946,0.470000,0.743982,0.038462,0.532326,0.355946,0.144290,3,19
114,NODE,n114,2,n112,n113,1,3.000000,3.000000,0.000000,3,1.00,NAND2_X1,1.000000,0.334792,0.470000,0.743982,0.000000,0.520788,0.334792,0.111597,112,113
115,NODE,n115,2,G11,G12,1,1.000000,1.000000,0.000000,1,1.00,AND2_X1,1.000000,0.334792,0.470000,0.743982,0.000000,0.520788,0.334792,0.111597,13,19
116,NODE,n116,2,G15,n115,1,2.000000,2.000000,0.000000,2,1.00,AND2_X1,1.000000,0.334792,0.470000,0.743982,0.000000,0.520788,0.334792,0.111597,20,115
117,NODE,n117,2,n112,n116,1,3.000000,3.000000,0.000000,3,1.00,NAND2_X1,1.000000,0.334792,0.470000,0.743982,0.000000,0.520788,0.334792,0.111597,112,116
118,NODE,n118,2,G22,n106,1,3.000000,3.000000,0.000000,3,1.00,NAND2_X1,1.000000,0.334792,0.470000,0.743982,0.000000,0.520788,0.334792,0.111597,21,106
119,NODE,n119,2,G24,G25,1,1.000000,2.000000,1.000000,1,1.00,NAND2_X1,0.961538,0.355946,0.470000,0.743982,0.038462,0.532326,0.355946,0.144290,23,24
120,NODE,n120,1,G24,,1,1.000000,1.000000,0.000000,1,1.00,INV_X1,1.000000,0.450000,0.600000,1.000000,0.000000,0.700000,0.450000,0.150000,23,-1
121,NODE,n121,1,G25,,1,1.000000,1.000000,0.000000,1,1.00,INV_X1,1.000000,0.450000,0.600000,1.000000,0.000000,0.700000,0.450000,0.150000,24,-1
122,NODE,n122,2,n120,n121,1,2.000000,2.000000,0.000000,2,1.00,NAND2_X1,1.000000,0.334792,0.470000,0.743982,0.000000,0.520788,0.334792,0.111597,120,121
123,NODE,n123,2,n119,n122,2,3.000000,3.000000,0.000000,3,1.00,NAND2_X1,1.000000,0.305252,0.436667,0.678337,0.000000,0.474836,0.305252,0.101751,119,122
124,NODE,n124,2,G26,G27,1,1.000000,2.000000,1.000000,1,1.00,NAND2_X1,0.961538,0.355946,0.470000,0.743982,0.038462,0.532326,0.355946,0.144290,25,26
125,NODE,n125,1,G26,,1,1.000000,1.000000,0.000000,1,1.00,INV_X1,1.000000,0.450000,0.600000,1.000000,0.000000,0.700000,0.450000,0.150000,25,-1
126,NODE,n126,1,G27,,1,1.000000,1.000000,0.000000,1,1.00,INV_X1,1.000000,0.450000,0.600000,1.000000,0.000000,0.700000,0.450000,0.150000,26,-1
127,NODE,n127,2,n125,n126,1,2.000000,2.000000,0.000000,2,1.00,NAND2_X1,1.000000,0.334792,0.470000,0.743982,0.000000,0.520788,0.334792,0.111597,125,126
128,NODE,n128,2,n124,n127,2,3.000000,3.000000,0.000000,3,1.00,NAND2_X1,1.000000,0.305252,0.436667,0.678337,0.000000,0.474836,0.305252,0.101751,124,127
129,NODE,n129,2,n123,n128,1,4.000000,5.000000,1.000000,4,1.00,NAND2_X1,0.961538,0.355946,0.470000,0.743982,0.038462,0.532326,0.355946,0.144290,123,128
130,NODE,n130,1,n123,,1,4.000000,4.000000,0.000000,4,1.00,INV_X1,1.000000,0.450000,0.600000,1.000000,0.000000,0.700000,0.450000,0.150000,123,-1
131,NODE,n131,1,n128,,1,4.000000,4.000000,0.000000,4,1.00,INV_X1,1.000000,0.450000,0.600000,1.000000,0.000000,0.700000,0.450000,0.150000,128,-1
132,NODE,n132,2,n130,n131,1,5.000000,5.000000,0.000000,5,1.00,NAND2_X1,1.000000,0.334792,0.470000,0.743982,0.000000,0.520788,0.334792,0.111597,130,131
133,NODE,n133,2,n129,n132,2,6.000000,6.000000,0.000000,6,1.00,NAND2_X1,1.000000,0.305252,0.436667,0.678337,0.000000,0.474836,0.305252,0.101751,129,132
134,NODE,n134,1,n133,,1,7.000000,7.000000,0.000000,7,1.00,INV_X1,1.000000,0.450000,0.600000,1.000000,0.000000,0.700000,0.450000,0.150000,133,-1
135,NODE,n135,2,G32,n134,1,8.000000,8.000000,0.000000,8,1.00,NAND2_X1,1.000000,0.334792,0.470000,0.743982,0.000000,0.520788,0.334792,0.111597,22,134
136,NODE,n136,1,G32,,2,1.000000,7.000000,6.000000,1,1.00,INV_X1,0.769231,0.192897,0.166667,0.146608,0.230769,0.171857,0.192897,0.218145,22,-1
137,NODE,n137,2,n136,n133,1,7.000000,8.000000,1.000000,7,1.00,NAND2_X1,0.961538,0.355946,0.470000,0.743982,0.038462,0.532326,0.355946,0.144290,136,133
138,NODE,n138,2,n135,n137,2,9.000000,9.000000,0.000000,9,1.00,NAND2_X1,1.000000,0.305252,0.436667,0.678337,0.000000,0.474836,0.305252,0.101751,135,137
139,NODE,n139,2,G28,G29,1,1.000000,2.000000,1.000000,1,1.00,NAND2_X1,0.961538,0.355946,0.470000,0.743982,0.038462,0.532326,0.355946,0.144290,27,28
140,NODE,n140,1,G28,,1,1.000000,1.000000,0.000000,1,1.00,INV_X1,1.000000,0.450000,0.600000,1.000000,0.000000,0.700000,0.450000,0.150000,27,-1
141,NODE,n141,1,G29,,1,1.000000,1.000000,0.000000,1,1.00,INV_X1,1.000000,0.450000,0.600000,1.000000,0.000000,0.700000,0.450000,0.150000,28,-1
142,NODE,n142,2,n140,n141,1,2.000000,2.000000,0.000000,2,1.00,NAND2_X1,1.000000,0.334792,0.470000,0.743982,0.000000,0.520788,0.334792,0.111597,140,141
143,NODE,n143,2,n139,n142,2,3.000000,3.000000,0.000000,3,1.00,NAND2_X1,1.000000,0.305252,0.436667,0.678337,0.000000,0.474836,0.305252,0.101751,139,142
144,NODE,n144,2,G30,G31,1,1.000000,2.000000,1.000000,1,1.00,NAND2_X1,0.961538,0.355946,0.470000,0.743982,0.038462,0.532326,0.355946,0.144290,29,30
145,NODE,n145,1,G30,,1,1.000000,1.000000,0.000000,1,1.00,INV_X1,1.000000,0.450000,0.600000,1.000000,0.000000,0.700000,0.450000,0.150000,29,-1
146,NODE,n146,1,G31,,1,1.000000,1.000000,0.000000,1,1.00,INV_X1,1.000000,0.450000,0.600000,1.000000,0.000000,0.700000,0.450000,0.150000,30,-1
147,NODE,n147,2,n145,n146,1,2.000000,2.000000,0.000000,2,1.00,NAND2_X1,1.000000,0.334792,0.470000,0.743982,0.000000,0.520788,0.334792,0.111597,145,146
148,NODE,n148,2,n144,n147,2,3.000000,3.000000,0.000000,3,1.00,NAND2_X1,1.000000,0.305252,0.436667,0.678337,0.000000,0.474836,0.305252,0.101751,144,147
149,NODE,n149,2,n143,n148,1,4.000000,5.000000,1.000000,4,1.00,NAND2_X1,0.961538,0.355946,0.470000,0.743982,0.038462,0.532326,0.355946,0.144290,143,148
150,NODE,n150,1,n143,,1,4.000000,4.000000,0.000000,4,1.00,INV_X1,1.000000,0.450000,0.600000,1.000000,0.000000,0.700000,0.450000,0.150000,143,-1
151,NODE,n151,1,n148,,1,4.000000,4.000000,0.000000,4,1.00,INV_X1,1.000000,0.450000,0.600000,1.000000,0.000000,0.700000,0.450000,0.150000,148,-1
152,NODE,n152,2,n150,n151,1,5.000000,5.000000,0.000000,5,1.00,NAND2_X1,1.000000,0.334792,0.470000,0.743982,0.000000,0.520788,0.334792,0.111597,150,151
153,NODE,n153,2,n149,n152,2,6.000000,6.000000,0.000000,6,1.00,NAND2_X1,1.000000,0.305252,0.436667,0.678337,0.000000,0.474836,0.305252,0.101751,149,152
154,NODE,n154,1,n153,,1,7.000000,7.000000,0.000000,7,1.00,INV_X1,1.000000,0.450000,0.600000,1.000000,0.000000,0.700000,0.450000,0.150000,153,-1
155,NODE,n155,2,G33,n154,1,8.000000,8.000000,0.000000,8,1.00,NAND2_X1,1.000000,0.334792,0.470000,0.743982,0.000000,0.520788,0.334792,0.111597,31,154
156,NODE,n156,1,G33,,1,1.000000,7.000000,6.000000,1,1.00,INV_X1,0.769231,0.576923,0.600000,1.000000,0.230769,0.769231,0.576923,0.346154,31,-1
157,NODE,n157,2,n156,n153,1,7.000000,8.000000,1.000000,7,1.00,NAND2_X1,0.961538,0.355946,0.470000,0.743982,0.038462,0.532326,0.355946,0.144290,156,153
158,NODE,n158,2,n155,n157,2,9.000000,9.000000,0.000000,9,1.00,NAND2_X1,1.000000,0.305252,0.436667,0.678337,0.000000,0.474836,0.305252,0.101751,155,157
159,NODE,n159,2,n138,n158,1,10.000000,11.000000,1.000000,10,1.00,NAND2_X1,0.961538,0.355946,0.470000,0.743982,0.038462,0.532326,0.355946,0.144290,138,158
160,NODE,n160,1,n138,,1,10.000000,10.000000,0.000000,10,1.00,INV_X1,1.000000,0.450000,0.600000,1.000000,0.000000,0.700000,0.450000,0.150000,138,-1
161,NODE,n161,1,n158,,1,10.000000,10.000000,0.000000,10,1.00,INV_X1,1.000000,0.450000,0.600000,1.000000,0.000000,0.700000,0.450000,0.150000,158,-1
162,NODE,n162,2,n160,n161,1,11.000000,11.000000,0.000000,11,1.00,NAND2_X1,1.000000,0.334792,0.470000,0.743982,0.000000,0.520788,0.334792,0.111597,160,161
163,NODE,n163,2,n159,n162,1,12.000000,12.000000,0.000000,12,1.00,NAND2_X1,1.000000,0.334792,0.470000,0.743982,0.000000,0.520788,0.334792,0.111597,159,162
164,NODE,n164,2,G41,G42,1,1.000000,2.000000,1.000000,1,1.00,NAND2_X1,0.961538,0.355946,0.470000,0.743982,0.038462,0.532326,0.355946,0.144290,32,33
165,NODE,n165,1,G41,,2,1.000000,1.000000,0.000000,1,1.00,INV_X1,1.000000,0.065974,0.166667,0.146608,0.000000,0.102626,0.065974,0.021991,32,-1
166,NODE,n166,1,G42,,2,1.000000,1.000000,0.000000,1,1.00,INV_X1,1.000000,0.065974,0.166667,0.146608,0.000000,0.102626,0.065974,0.021991,33,-1
167,NODE,n167,2,n165,n166,1,2.000000,2.000000,0.000000,2,1.00,NAND2_X1,1.000000,0.334792,0.470000,0.743982,0.000000,0.520788,0.334792,0.111597,165,166
168,NODE,n168,2,n164,n167,2,3.000000,3.000000,0.000000,3,1.00,NAND2_X1,1.000000,0.305252,0.436667,0.678337,0.000000,0.474836,0.305252,0.101751,164,167
169,NODE,n169,2,G43,G44,1,1.000000,2.000000,1.000000,1,1.00,NAND2_X1,0.961538,0.355946,0.470000,0.743982,0.038462,0.532326,0.355946,0.144290,34,35
170,NODE,n170,1,G43,,2,1.000000,1.000000,0.000000,1,1.00,INV_X1,1.000000,0.065974,0.166667,0.146608,0.000000,0.102626,0.065974,0.021991,34,-1
171,NODE,n171,1,G44,,2,1.000000,1.000000,0.000000,1,1.00,INV_X1,1.000000,0.065974,0.166667,0.146608,0.000000,0.102626,0.065974,0.021991,35,-1
172,NODE,n172,2,n170,n171,1,2.000000,2.000000,0.000000,2,1.00,NAND2_X1,1.000000,0.334792,0.470000,0.743982,0.000000,0.520788,0.334792,0.111597,170,171
173,NODE,n173,2,n169,n172,2,3.000000,3.000000,0.000000,3,1.00,NAND2_X1,1.000000,0.305252,0.436667,0.678337,0.000000,0.474836,0.305252,0.101751,169,172
174,NODE,n174,2,n168,n173,1,4.000000,5.000000,1.000000,4,1.00,NAND2_X1,0.961538,0.355946,0.470000,0.743982,0.038462,0.532326,0.355946,0.144290,168,173
175,NODE,n175,1,n168,,1,4.000000,4.000000,0.000000,4,1.00,INV_X1,1.000000,0.450000,0.600000,1.000000,0.000000,0.700000,0.450000,0.150000,168,-1
176,NODE,n176,1,n173,,1,4.000000,4.000000,0.000000,4,1.00,INV_X1,1.000000,0.450000,0.600000,1.000000,0.000000,0.700000,0.450000,0.150000,173,-1
177,NODE,n177,2,n175,n176,1,5.000000,5.000000,0.000000,5,1.00,NAND2_X1,1.000000,0.334792,0.470000,0.743982,0.000000,0.520788,0.334792,0.111597,175,176
178,NODE,n178,2,n174,n177,2,6.000000,6.000000,0.000000,6,1.00,NAND2_X1,1.000000,0.305252,0.436667,0.678337,0.000000,0.474836,0.305252,0.101751,174,177
179,NODE,n179,1,n178,,1,7.000000,7.000000,0.000000,7,1.00,INV_X1,1.000000,0.450000,0.600000,1.000000,0.000000,0.700000,0.450000,0.150000,178,-1
180,NODE,n180,2,G32,n179,1,8.000000,8.000000,0.000000,8,1.00,NAND2_X1,1.000000,0.334792,0.470000,0.743982,0.000000,0.520788,0.334792,0.111597,22,179
181,NODE,n181,2,n136,n178,1,7.000000,8.000000,1.000000,7,1.00,NAND2_X1,0.961538,0.355946,0.470000,0.743982,0.038462,0.532326,0.355946,0.144290,136,178
182,NODE,n182,2,n180,n181,2,9.000000,9.000000,0.000000,9,1.00,NAND2_X1,1.000000,0.305252,0.436667,0.678337,0.000000,0.474836,0.305252,0.101751,180,181
183,NODE,n183,2,G45,G46,1,1.000000,2.000000,1.000000,1,1.00,NAND2_X1,0.961538,0.355946,0.470000,0.743982,0.038462,0.532326,0.355946,0.144290,36,37
184,NODE,n184,1,G45,,2,1.000000,1.000000,0.000000,1,1.00,INV_X1,1.000000,0.065974,0.166667,0.146608,0.000000,0.102626,0.065974,0.021991,36,-1
185,NODE,n185,1,G46,,2,1.000000,1.000000,0.000000,1,1.00,INV_X1,1.000000,0.065974,0.166667,0.146608,0.000000,0.102626,0.065974,0.021991,37,-1
186,NODE,n186,2,n184,n185,1,2.000000,2.000000,0.000000,2,1.00,NAND2_X1,1.000000,0.334792,0.470000,0.743982,0.000000,0.520788,0.334792,0.111597,184,185
187,NODE,n187,2,n183,n186,2,3.000000,3.000000,0.000000,3,1.00,NAND2_X1,1.000000,0.305252,0.436667,0.678337,0.000000,0.474836,0.305252,0.101751,183,186
188,NODE,n188,2,G47,G48,1,1.000000,2.000000,1.000000,1,1.00,NAND2_X1,0.961538,0.355946,0.470000,0.743982,0.038462,0.532326,0.355946,0.144290,38,39
189,NODE,n189,1,G47,,2,1.000000,1.000000,0.000000,1,1.00,INV_X1,1.000000,0.065974,0.166667,0.146608,0.000000,0.102626,0.065974,0.021991,38,-1
190,NODE,n190,1,G48,,2,1.000000,1.000000,0.000000,1,1.00,INV_X1,1.000000,0.065974,0.166667,0.146608,0.000000,0.102626,0.065974,0.021991,39,-1
191,NODE,n191,2,n189,n190,1,2.000000,2.000000,0.000000,2,1.00,NAND2_X1,1.000000,0.334792,0.470000,0.743982,0.000000,0.520788,0.334792,0.111597,189,190
192,NODE,n192,2,n188,n191,2,3.000000,3.000000,0.000000,3,1.00,NAND2_X1,1.000000,0.305252,0.436667,0.678337,0.000000,0.474836,0.305252,0.101751,188,191
193,NODE,n193,2,n187,n192,1,4.000000,5.000000,1.000000,4,1.00,NAND2_X1,0.961538,0.355946,0.470000,0.743982,0.038462,0.532326,0.355946,0.144290,187,192
194,NODE,n194,1,n187,,1,4.000000,4.000000,0.000000,4,1.00,INV_X1,1.000000,0.450000,0.600000,1.000000,0.000000,0.700000,0.450000,0.150000,187,-1
195,NODE,n195,1,n192,,1,4.000000,4.000000,0.000000,4,1.00,INV_X1,1.000000,0.450000,0.600000,1.000000,0.000000,0.700000,0.450000,0.150000,192,-1
196,NODE,n196,2,n194,n195,1,5.000000,5.000000,0.000000,5,1.00,NAND2_X1,1.000000,0.334792,0.470000,0.743982,0.000000,0.520788,0.334792,0.111597,194,195
197,NODE,n197,2,n193,n196,2,6.000000,6.000000,0.000000,6,1.00,NAND2_X1,1.000000,0.305252,0.436667,0.678337,0.000000,0.474836,0.305252,0.101751,193,196
198,NODE,n198,1,n197,,1,7.000000,7.000000,0.000000,7,1.00,INV_X1,1.000000,0.450000,0.600000,1.000000,0.000000,0.700000,0.450000,0.150000,197,-1
199,NODE,n199,2,G49,n198,1,8.000000,8.000000,0.000000,8,1.00,NAND2_X1,1.000000,0.334792,0.470000,0.743982,0.000000,0.520788,0.334792,0.111597,40,198
200,NODE,n200,1,G49,,1,1.000000,7.000000,6.000000,1,1.00,INV_X1,0.769231,0.576923,0.600000,1.000000,0.230769,0.769231,0.576923,0.346154,40,-1
201,NODE,n201,2,n200,n197,1,7.000000,8.000000,1.000000,7,1.00,NAND2_X1,0.961538,0.355946,0.470000,0.743982,0.038462,0.532326,0.355946,0.144290,200,197
202,NODE,n202,2,n199,n201,2,9.000000,9.000000,0.000000,9,1.00,NAND2_X1,1.000000,0.305252,0.436667,0.678337,0.000000,0.474836,0.305252,0.101751,199,201
203,NODE,n203,2,n182,n202,1,10.000000,11.000000,1.000000,10,1.00,NAND2_X1,0.961538,0.355946,0.470000,0.743982,0.038462,0.532326,0.355946,0.144290,182,202
204,NODE,n204,1,n182,,1,10.000000,10.000000,0.000000,10,1.00,INV_X1,1.000000,0.450000,0.600000,1.000000,0.000000,0.700000,0.450000,0.150000,182,-1
205,NODE,n205,1,n202,,1,10.000000,10.000000,0.000000,10,1.00,INV_X1,1.000000,0.450000,0.600000,1.000000,0.000000,0.700000,0.450000,0.150000,202,-1
206,NODE,n206,2,n204,n205,1,11.000000,11.000000,0.000000,11,1.00,NAND2_X1,1.000000,0.334792,0.470000,0.743982,0.000000,0.520788,0.334792,0.111597,204,205
207,NODE,n207,2,n203,n206,1,12.000000,12.000000,0.000000,12,1.00,NAND2_X1,1.000000,0.334792,0.470000,0.743982,0.000000,0.520788,0.334792,0.111597,203,206
208,NODE,n208,2,G12,G13,1,1.000000,13.000000,12.000000,1,1.00,AND2_X1,0.538462,0.588638,0.470000,0.743982,0.461538,0.659249,0.588638,0.503905,19,41
209,NODE,n209,2,G8,G11,1,1.000000,13.000000,12.000000,1,1.00,AND2_X1,0.538462,0.588638,0.470000,0.743982,0.461538,0.659249,0.588638,0.503905,1,13
210,NODE,n210,2,n208,n209,1,2.000000,14.000000,12.000000,2,1.00,AND2_X1,0.538462,0.588638,0.470000,0.743982,0.461538,0.659249,0.588638,0.503905,208,209
211,NODE,n211,2,n112,n210,1,3.000000,15.000000,12.000000,3,1.00,AND2_X1,0.538462,0.588638,0.470000,0.743982,0.461538,0.659249,0.588638,0.503905,112,210
212,NODE,n212,2,G14,n211,8,4.000000,16.000000,12.000000,4,1.00,AND2_X1,0.538462,0.253846,0.092222,0.000000,0.461538,0.138462,0.253846,0.392308,42,211
213,NODE,n213,2,G48,n212,1,5.000000,17.000000,12.000000,5,1.00,NAND2_X1,0.538462,0.588638,0.470000,0.743982,0.461538,0.659249,0.588638,0.503905,39,212
214,NODE,n214,2,G55,G59,1,1.000000,16.000000,15.000000,1,1.00,NAND2_X1,0.423077,0.652100,0.470000,0.743982,0.576923,0.693865,0.652100,0.601982,43,44
215,NODE,n215,1,G60,,2,1.000000,7.000000,6.000000,1,1.00,INV_X1,0.769231,0.192897,0.166667,0.146608,0.230769,0.171857,0.192897,0.218145,46,-1
216,NODE,n216,1,n110,,4,3.000000,3.000000,0.000000,3,1.00,INV_X1,1.000000,0.042341,0.140000,0.094092,0.000000,0.065864,0.042341,0.014114,110,-1
217,NODE,n217,2,G17,n87,2,2.000000,5.000000,3.000000,2,1.00,AND2_X1,0.884615,0.368713,0.436667,0.678337,0.115385,0.509451,0.368713,0.199827,4,87
218,NODE,n218,2,n216,n217,1,4.000000,6.000000,2.000000,4,1.00,AND2_X1,0.923077,0.377100,0.470000,0.743982,0.076923,0.543865,0.377100,0.176982,216,217
219,NODE,n219,2,G10,n218,1,5.000000,7.000000,2.000000,5,1.00,AND2_X1,0.923077,0.377100,0.470000,0.743982,0.076923,0.543865,0.377100,0.176982,18,218
220,NODE,n220,2,n215,n219,4,6.000000,8.000000,2.000000,6,1.00,NAND2_X1,0.923077,0.058063,0.110000,0.035011,0.076923,0.047585,0.058063,0.070636,215,219
221,NODE,n221,2,G11,G40,1,1.000000,3.000000,2.000000,1,1.00,NAND2_X1,0.923077,0.377100,0.470000,0.743982,0.076923,0.543865,0.377100,0.176982,13,48
222,NODE,n222,2,n216,n221,2,4.000000,4.000000,0.000000,4,1.00,AND2_X1,1.000000,0.305252,0.436667,0.678337,0.000000,0.474836,0.305252,0.101751,216,221
223,NODE,n223,2,G4,n222,1,5.000000,5.000000,0.000000,5,1.00,NAND2_X1,1.000000,0.334792,0.470000,0.743982,0.000000,0.520788,0.334792,0.111597,8,222
224,NODE,n224,2,G1,n223,4,6.000000,6.000000,0.000000,6,1.00,NAND2_X1,1.000000,0.015755,0.110000,0.035011,0.000000,0.024508,0.015755,0.005252,11,223
225,NODE,n225,2,G39,n224,1,7.000000,7.000000,0.000000,7,1.00,NAND2_X1,1.000000,0.334792,0.470000,0.743982,0.000000,0.520788,0.334792,0.111597,47,224
226,NODE,n226,2,G40,n216,1,4.000000,4.000000,0.000000,4,1.00,AND2_X1,1.000000,0.334792,0.470000,0.743982,0.000000,0.520788,0.334792,0.111597,48,216
227,NODE,n227,1,G8,,1,1.000000,1.000000,0.000000,1,1.00,INV_X1,1.000000,0.450000,0.600000,1.000000,0.000000,0.700000,0.450000,0.150000,1,-1
228,NODE,n228,1,G4,,1,1.000000,1.000000,0.000000,1,1.00,INV_X1,1.000000,0.450000,0.600000,1.000000,0.000000,0.700000,0.450000,0.150000,8,-1
229,NODE,n229,2,n227,n228,1,2.000000,2.000000,0.000000,2,1.00,NAND2_X1,1.000000,0.334792,0.470000,0.743982,0.000000,0.520788,0.334792,0.111597,227,228
230,NODE,n230,2,G8,G4,1,1.000000,2.000000,1.000000,1,1.00,NAND2_X1,0.961538,0.355946,0.470000,0.743982,0.038462,0.532326,0.355946,0.144290,1,8
231,NODE,n231,2,n229,n230,1,3.000000,3.000000,0.000000,3,1.00,AND2_X1,1.000000,0.334792,0.470000,0.743982,0.000000,0.520788,0.334792,0.111597,229,230
232,NODE,n232,2,G11,n231,1,4.000000,4.000000,0.000000,4,1.00,AND2_X1,1.000000,0.334792,0.470000,0.743982,0.000000,0.520788,0.334792,0.111597,13,231
233,NODE,n233,2,n226,n232,1,5.000000,5.000000,0.000000,5,1.00,NAND2_X1,1.000000,0.334792,0.470000,0.743982,0.000000,0.520788,0.334792,0.111597,226,232
234,NODE,n234,2,G4,G9,1,1.000000,3.000000,2.000000,1,1.00,AND2_X1,0.923077,0.377100,0.470000,0.743982,0.076923,0.543865,0.377100,0.176982,8,17
235,NODE,n235,2,n94,n234,1,2.000000,4.000000,2.000000,2,1.00,AND2_X1,0.923077,0.377100,0.470000,0.743982,0.076923,0.543865,0.377100,0.176982,94,234
236,NODE,n236,2,G8,n99,1,2.000000,4.000000,2.000000,2,1.00,NAND2_X1,0.923077,0.377100,0.470000,0.743982,0.076923,0.543865,0.377100,0.176982,1,99
237,NODE,n237,2,n235,n236,1,3.000000,5.000000,2.000000,3,1.00,NAND2_X1,0.923077,0.377100,0.470000,0.743982,0.076923,0.543865,0.377100,0.176982,235,236
238,NODE,n238,2,n233,n237,8,6.000000,6.000000,0.000000,6,1.00,NAND2_X1,1.000000,0.000000,0.092222,0.000000,0.000000,0.000000,0.000000,0.000000,233,237
239,NODE,n239,2,G31,n238,1,7.000000,7.000000,0.000000,7,1.00,NAND2_X1,1.000000,0.334792,0.470000,0.743982,0.000000,0.520788,0.334792,0.111597,30,238
240,NODE,n240,2,n225,n239,1,8.000000,8.000000,0.000000,8,1.00,AND2_X1,1.000000,0.334792,0.470000,0.743982,0.000000,0.520788,0.334792,0.111597,225,239
241,NODE,n241,2,n220,n240,3,9.000000,9.000000,0.000000,9,1.00,NAND2_X1,1.000000,0.024617,0.120000,0.054705,0.000000,0.038293,0.024617,0.008206,220,240
242,NODE,n242,2,G54,n241,1,10.000000,16.000000,6.000000,10,1.00,NAND2_X1,0.769231,0.461715,0.470000,0.743982,0.230769,0.590019,0.461715,0.307751,45,241
243,NODE,n243,2,n214,n242,1,11.000000,17.000000,6.000000,11,1.00,AND2_X1,0.769231,0.461715,0.470000,0.743982,0.230769,0.590019,0.461715,0.307751,214,242
244,NODE,n244,2,n213,n243,1,12.000000,18.000000,6.000000,12,1.00,AND2_X1,0.769231,0.461715,0.470000,0.743982,0.230769,0.590019,0.461715,0.307751,213,243
245,NODE,n245,1,n241,,1,10.000000,10.000000,0.000000,10,1.00,INV_X1,1.000000,0.450000,0.600000,1.000000,0.000000,0.700000,0.450000,0.150000,241,-1
246,NODE,n246,2,n190,n245,3,11.000000,11.000000,0.000000,11,1.00,NAND2_X1,1.000000,0.024617,0.120000,0.054705,0.000000,0.038293,0.024617,0.008206,190,245
247,NODE,n247,2,G48,n241,3,10.000000,10.000000,0.000000,10,1.00,NAND2_X1,1.000000,0.024617,0.120000,0.054705,0.000000,0.038293,0.024617,0.008206,39,241
248,NODE,n248,2,n246,n247,2,12.000000,12.000000,0.000000,12,1.00,NAND2_X1,1.000000,0.305252,0.436667,0.678337,0.000000,0.474836,0.305252,0.101751,246,247
249,NODE,n249,1,n248,,2,13.000000,13.000000,0.000000,13,1.00,INV_X1,1.000000,0.065974,0.166667,0.146608,0.000000,0.102626,0.065974,0.021991,248,-1
250,NODE,n250,2,G52,n249,1,14.000000,16.000000,2.000000,14,1.00,NAND2_X1,0.923077,0.377100,0.470000,0.743982,0.076923,0.543865,0.377100,0.176982,49,249
251,NODE,n251,1,n247,,3,11.000000,11.000000,0.000000,11,1.00,INV_X1,1.000000,0.051204,0.150000,0.113786,0.000000,0.079650,0.051204,0.017068,247,-1
252,NODE,n252,2,G53,n251,1,12.000000,16.000000,4.000000,12,1.00,NAND2_X1,0.846154,0.419407,0.470000,0.743982,0.153846,0.566942,0.419407,0.242367,50,251
253,NODE,n253,2,n250,n252,1,15.000000,17.000000,2.000000,15,1.00,AND2_X1,0.923077,0.377100,0.470000,0.743982,0.076923,0.543865,0.377100,0.176982,250,252
254,NODE,n254,2,G30,G50,1,1.000000,16.000000,15.000000,1,1.00,NAND2_X1,0.423077,0.652100,0.470000,0.743982,0.576923,0.693865,0.652100,0.601982,29,51
255,NODE,n255,1,G58,,1,1.000000,13.000000,12.000000,1,1.00,INV_X1,0.538462,0.703846,0.600000,1.000000,0.461538,0.838462,0.703846,0.542308,53,-1
256,NODE,n256,2,n255,n248,1,13.000000,14.000000,1.000000,13,1.00,NAND2_X1,0.961538,0.355946,0.470000,0.743982,0.038462,0.532326,0.355946,0.144290,255,248
257,NODE,n257,2,G58,n249,1,14.000000,14.000000,0.000000,14,1.00,NAND2_X1,1.000000,0.334792,0.470000,0.743982,0.000000,0.520788,0.334792,0.111597,53,249
258,NODE,n258,2,n256,n257,1,15.000000,15.000000,0.000000,15,1.00,AND2_X1,1.000000,0.334792,0.470000,0.743982,0.000000,0.520788,0.334792,0.111597,256,257
259,NODE,n259,2,G51,n258,1,16.000000,16.000000,0.000000,16,1.00,NAND2_X1,1.000000,0.334792,0.470000,0.743982,0.000000,0.520788,0.334792,0.111597,52,258
260,NODE,n260,2,n254,n259,1,17.000000,17.000000,0.000000,17,1.00,AND2_X1,1.000000,0.334792,0.470000,0.743982,0.000000,0.520788,0.334792,0.111597,254,259
261,NODE,n261,2,n253,n260,1,18.000000,18.000000,0.000000,18,1.00,AND2_X1,1.000000,0.334792,0.470000,0.743982,0.000000,0.520788,0.334792,0.111597,253,260
262,NODE,n262,2,n244,n261,1,19.000000,19.000000,0.000000,19,1.00,AND2_X1,1.000000,0.334792,0.470000,0.743982,0.000000,0.520788,0.334792,0.111597,244,261
263,NODE,n263,2,G35,n224,1,7.000000,11.000000,4.000000,7,1.00,NAND2_X1,0.846154,0.419407,0.470000,0.743982,0.153846,0.566942,0.419407,0.242367,54,224
264,NODE,n264,2,G28,n238,1,7.000000,11.000000,4.000000,7,1.00,NAND2_X1,0.846154,0.419407,0.470000,0.743982,0.153846,0.566942,0.419407,0.242367,27,238
265,NODE,n265,2,n263,n264,1,8.000000,12.000000,4.000000,8,1.00,AND2_X1,0.846154,0.419407,0.470000,0.743982,0.153846,0.566942,0.419407,0.242367,263,264
266,NODE,n266,2,n220,n265,3,9.000000,13.000000,4.000000,9,1.00,NAND2_X1,0.846154,0.109232,0.120000,0.054705,0.153846,0.084447,0.109232,0.138975,220,265
267,NODE,n267,2,G54,n266,1,10.000000,21.000000,11.000000,10,1.00,NAND2_X1,0.576923,0.567484,0.470000,0.743982,0.423077,0.647711,0.567484,0.471213,45,266
268,NODE,n268,2,G45,n212,1,5.000000,21.000000,16.000000,5,1.00,NAND2_X1,0.384615,0.673254,0.470000,0.743982,0.615385,0.705403,0.673254,0.634674,36,212
269,NODE,n269,2,n267,n268,1,11.000000,22.000000,11.000000,11,1.00,AND2_X1,0.576923,0.567484,0.470000,0.743982,0.423077,0.647711,0.567484,0.471213,267,268
270,NODE,n270,1,n266,,1,10.000000,14.000000,4.000000,10,1.00,INV_X1,0.846154,0.534615,0.600000,1.000000,0.153846,0.746154,0.534615,0.280769,266,-1
271,NODE,n271,2,n184,n270,2,11.000000,15.000000,4.000000,11,1.00,NAND2_X1,0.846154,0.389867,0.436667,0.678337,0.153846,0.520990,0.389867,0.232520,184,270
272,NODE,n272,2,G45,n266,3,10.000000,15.000000,5.000000,10,1.00,NAND2_X1,0.807692,0.130386,0.120000,0.054705,0.192308,0.095986,0.130386,0.171667,36,266
273,NODE,n273,2,n271,n272,2,12.000000,16.000000,4.000000,12,1.00,NAND2_X1,0.846154,0.389867,0.436667,0.678337,0.153846,0.520990,0.389867,0.232520,271,272
274,NODE,n274,1,n273,,2,13.000000,17.000000,4.000000,13,1.00,INV_X1,0.846154,0.150589,0.166667,0.146608,0.153846,0.148780,0.150589,0.152760,273,-1
275,NODE,n275,2,G52,n274,1,14.000000,20.000000,6.000000,14,1.00,NAND2_X1,0.769231,0.461715,0.470000,0.743982,0.230769,0.590019,0.461715,0.307751,49,274
276,NODE,n276,1,n272,,1,11.000000,19.000000,8.000000,11,1.00,INV_X1,0.692308,0.619231,0.600000,1.000000,0.307692,0.792308,0.619231,0.411538,272,-1
277,NODE,n277,2,G53,n276,1,12.000000,20.000000,8.000000,12,1.00,NAND2_X1,0.692308,0.504023,0.470000,0.743982,0.307692,0.613095,0.504023,0.373136,50,276
278,NODE,n278,2,n275,n277,1,15.000000,21.000000,6.000000,15,1.00,AND2_X1,0.769231,0.461715,0.470000,0.743982,0.230769,0.590019,0.461715,0.307751,275,277
279,NODE,n279,2,G27,G50,1,1.000000,20.000000,19.000000,1,1.00,NAND2_X1,0.269231,0.736715,0.470000,0.743982,0.730769,0.740018,0.736715,0.732751,26,51
280,NODE,n280,2,G58,n246,2,12.000000,12.000000,0.000000,12,1.00,NAND2_X1,1.000000,0.305252,0.436667,0.678337,0.000000,0.474836,0.305252,0.101751,53,246
281,NODE,n281,1,n280,,1,13.000000,13.000000,0.000000,13,1.00,INV_X1,1.000000,0.450000,0.600000,1.000000,0.000000,0.700000,0.450000,0.150000,280,-1
282,NODE,n282,2,G37,n224,1,7.000000,7.000000,0.000000,7,1.00,NAND2_X1,1.000000,0.334792,0.470000,0.743982,0.000000,0.520788,0.334792,0.111597,55,224
283,NODE,n283,2,G30,n238,1,7.000000,7.000000,0.000000,7,1.00,NAND2_X1,1.000000,0.334792,0.470000,0.743982,0.000000,0.520788,0.334792,0.111597,29,238
284,NODE,n284,2,n282,n283,1,8.000000,8.000000,0.000000,8,1.00,AND2_X1,1.000000,0.334792,0.470000,0.743982,0.000000,0.520788,0.334792,0.111597,282,283
285,NODE,n285,2,n220,n284,3,9.000000,9.000000,0.000000,9,1.00,NAND2_X1,1.000000,0.024617,0.120000,0.054705,0.000000,0.038293,0.024617,0.008206,220,284
286,NODE,n286,1,n285,,1,10.000000,10.000000,0.000000,10,1.00,INV_X1,1.000000,0.450000,0.600000,1.000000,0.000000,0.700000,0.450000,0.150000,285,-1
287,NODE,n287,2,n189,n286,4,11.000000,11.000000,0.000000,11,1.00,NAND2_X1,1.000000,0.015755,0.110000,0.035011,0.000000,0.024508,0.015755,0.005252,189,286
288,NODE,n288,2,G36,n224,1,7.000000,8.000000,1.000000,7,1.00,NAND2_X1,0.961538,0.355946,0.470000,0.743982,0.038462,0.532326,0.355946,0.144290,56,224
289,NODE,n289,2,G29,n238,1,7.000000,8.000000,1.000000,7,1.00,NAND2_X1,0.961538,0.355946,0.470000,0.743982,0.038462,0.532326,0.355946,0.144290,28,238
290,NODE,n290,2,n288,n289,1,8.000000,9.000000,1.000000,8,1.00,AND2_X1,0.961538,0.355946,0.470000,0.743982,0.038462,0.532326,0.355946,0.144290,288,289
291,NODE,n291,2,n220,n290,3,9.000000,10.000000,1.000000,9,1.00,NAND2_X1,0.961538,0.045771,0.120000,0.054705,0.038462,0.049832,0.045771,0.040898,220,290
292,NODE,n292,1,n291,,1,10.000000,11.000000,1.000000,10,1.00,INV_X1,0.961538,0.471154,0.600000,1.000000,0.038462,0.711538,0.471154,0.182692,291,-1
293,NODE,n293,2,n185,n292,3,11.000000,12.000000,1.000000,11,1.00,NAND2_X1,0.961538,0.045771,0.120000,0.054705,0.038462,0.049832,0.045771,0.040898,185,292
294,NODE,n294,2,n287,n293,2,12.000000,13.000000,1.000000,12,1.00,AND2_X1,0.961538,0.326405,0.436667,0.678337,0.038462,0.486374,0.326405,0.134443,287,293
295,NODE,n295,2,n281,n294,1,14.000000,14.000000,0.000000,14,1.00,NAND2_X1,1.000000,0.334792,0.470000,0.743982,0.000000,0.520788,0.334792,0.111597,281,294
296,NODE,n296,2,n251,n294,1,13.000000,14.000000,1.000000,13,1.00,NAND2_X1,0.961538,0.355946,0.470000,0.743982,0.038462,0.532326,0.355946,0.144290,251,294
297,NODE,n297,2,n295,n296,1,15.000000,15.000000,0.000000,15,1.00,AND2_X1,1.000000,0.334792,0.470000,0.743982,0.000000,0.520788,0.334792,0.111597,295,296
298,NODE,n298,2,G47,n285,3,10.000000,12.000000,2.000000,10,1.00,NAND2_X1,0.923077,0.066925,0.120000,0.054705,0.076923,0.061370,0.066925,0.073590,38,285
299,NODE,n299,1,n298,,2,11.000000,13.000000,2.000000,11,1.00,INV_X1,0.923077,0.108281,0.166667,0.146608,0.076923,0.125703,0.108281,0.087376,298,-1
300,NODE,n300,2,n293,n299,1,12.000000,14.000000,2.000000,12,1.00,NAND2_X1,0.923077,0.377100,0.470000,0.743982,0.076923,0.543865,0.377100,0.176982,293,299
301,NODE,n301,2,G46,n291,3,10.000000,13.000000,3.000000,10,1.00,NAND2_X1,0.884615,0.088079,0.120000,0.054705,0.115385,0.072909,0.088079,0.106283,37,291
302,NODE,n302,2,n300,n301,1,13.000000,15.000000,2.000000,13,1.00,AND2_X1,0.923077,0.377100,0.470000,0.743982,0.076923,0.543865,0.377100,0.176982,300,301
303,NODE,n303,2,n297,n302,3,16.000000,16.000000,0.000000,16,1.00,NAND2_X1,1.000000,0.024617,0.120000,0.054705,0.000000,0.038293,0.024617,0.008206,297,302
304,NODE,n304,1,n303,,1,17.000000,17.000000,0.000000,17,1.00,INV_X1,1.000000,0.450000,0.600000,1.000000,0.000000,0.700000,0.450000,0.150000,303,-1
305,NODE,n305,2,n273,n304,1,18.000000,18.000000,0.000000,18,1.00,NAND2_X1,1.000000,0.334792,0.470000,0.743982,0.000000,0.520788,0.334792,0.111597,273,304
306,NODE,n306,2,n274,n303,1,17.000000,18.000000,1.000000,17,1.00,NAND2_X1,0.961538,0.355946,0.470000,0.743982,0.038462,0.532326,0.355946,0.144290,274,303
307,NODE,n307,2,n305,n306,1,19.000000,19.000000,0.000000,19,1.00,AND2_X1,1.000000,0.334792,0.470000,0.743982,0.000000,0.520788,0.334792,0.111597,305,306
308,NODE,n308,2,G51,n307,1,20.000000,20.000000,0.000000,20,1.00,NAND2_X1,1.000000,0.334792,0.470000,0.743982,0.000000,0.520788,0.334792,0.111597,52,307
309,NODE,n309,2,n279,n308,1,21.000000,21.000000,0.000000,21,1.00,AND2_X1,1.000000,0.334792,0.470000,0.743982,0.000000,0.520788,0.334792,0.111597,279,308
310,NODE,n310,2,n278,n309,1,22.000000,22.000000,0.000000,22,1.00,AND2_X1,1.000000,0.334792,0.470000,0.743982,0.000000,0.520788,0.334792,0.111597,278,309
311,NODE,n311,2,n269,n310,1,23.000000,23.000000,0.000000,23,1.00,AND2_X1,1.000000,0.334792,0.470000,0.743982,0.000000,0.520788,0.334792,0.111597,269,310
312,NODE,n312,2,G46,n212,1,5.000000,19.000000,14.000000,5,1.00,NAND2_X1,0.461538,0.630946,0.470000,0.743982,0.538462,0.682326,0.630946,0.569290,37,212
313,NODE,n313,2,G55,G56,1,1.000000,18.000000,17.000000,1,1.00,NAND2_X1,0.346154,0.694407,0.470000,0.743982,0.653846,0.716942,0.694407,0.667367,43,57
314,NODE,n314,2,G54,n291,1,10.000000,18.000000,8.000000,10,1.00,NAND2_X1,0.692308,0.504023,0.470000,0.743982,0.307692,0.613095,0.504023,0.373136,45,291
315,NODE,n315,2,n313,n314,1,11.000000,19.000000,8.000000,11,1.00,AND2_X1,0.692308,0.504023,0.470000,0.743982,0.307692,0.613095,0.504023,0.373136,313,314
316,NODE,n316,2,n312,n315,1,12.000000,20.000000,8.000000,12,1.00,AND2_X1,0.692308,0.504023,0.470000,0.743982,0.307692,0.613095,0.504023,0.373136,312,315
317,NODE,n317,2,n293,n301,2,12.000000,14.000000,2.000000,12,1.00,NAND2_X1,0.923077,0.347559,0.436667,0.678337,0.076923,0.497913,0.347559,0.167135,293,301
318,NODE,n318,1,n317,,2,13.000000,15.000000,2.000000,13,1.00,INV_X1,0.923077,0.108281,0.166667,0.146608,0.076923,0.125703,0.108281,0.087376,317,-1
319,NODE,n319,2,G52,n318,1,14.000000,18.000000,4.000000,14,1.00,NAND2_X1,0.846154,0.419407,0.470000,0.743982,0.153846,0.566942,0.419407,0.242367,49,318
320,NODE,n320,1,n301,,1,11.000000,17.000000,6.000000,11,1.00,INV_X1,0.769231,0.576923,0.600000,1.000000,0.230769,0.769231,0.576923,0.346154,301,-1
321,NODE,n321,2,G53,n320,1,12.000000,18.000000,6.000000,12,1.00,NAND2_X1,0.769231,0.461715,0.470000,0.743982,0.230769,0.590019,0.461715,0.307751,50,320
322,NODE,n322,2,n319,n321,1,15.000000,19.000000,4.000000,15,1.00,AND2_X1,0.846154,0.419407,0.470000,0.743982,0.153846,0.566942,0.419407,0.242367,319,321
323,NODE,n323,2,G28,G50,1,1.000000,18.000000,17.000000,1,1.00,NAND2_X1,0.346154,0.694407,0.470000,0.743982,0.653846,0.716942,0.694407,0.667367,27,51
324,NODE,n324,2,n246,n287,1,12.000000,12.000000,0.000000,12,1.00,AND2_X1,1.000000,0.334792,0.470000,0.743982,0.000000,0.520788,0.334792,0.111597,246,287
325,NODE,n325,2,G58,n324,1,13.000000,13.000000,0.000000,13,1.00,NAND2_X1,1.000000,0.334792,0.470000,0.743982,0.000000,0.520788,0.334792,0.111597,53,324
326,NODE,n326,2,n251,n287,1,12.000000,12.000000,0.000000,12,1.00,NAND2_X1,1.000000,0.334792,0.470000,0.743982,0.000000,0.520788,0.334792,0.111597,251,287
327,NODE,n327,2,n298,n326,1,13.000000,13.000000,0.000000,13,1.00,AND2_X1,1.000000,0.334792,0.470000,0.743982,0.000000,0.520788,0.334792,0.111597,298,326
328,NODE,n328,2,n325,n327,2,14.000000,14.000000,0.000000,14,1.00,NAND2_X1,1.000000,0.305252,0.436667,0.678337,0.000000,0.474836,0.305252,0.101751,325,327
329,NODE,n329,1,n328,,1,15.000000,15.000000,0.000000,15,1.00,INV_X1,1.000000,0.450000,0.600000,1.000000,0.000000,0.700000,0.450000,0.150000,328,-1
330,NODE,n330,2,n317,n329,1,16.000000,16.000000,0.000000,16,1.00,NAND2_X1,1.000000,0.334792,0.470000,0.743982,0.000000,0.520788,0.334792,0.111597,317,329
331,NODE,n331,2,n318,n328,1,15.000000,16.000000,1.000000,15,1.00,NAND2_X1,0.961538,0.355946,0.470000,0.743982,0.038462,0.532326,0.355946,0.144290,318,328
332,NODE,n332,2,n330,n331,1,17.000000,17.000000,0.000000,17,1.00,AND2_X1,1.000000,0.334792,0.470000,0.743982,0.000000,0.520788,0.334792,0.111597,330,331
333,NODE,n333,2,G51,n332,1,18.000000,18.000000,0.000000,18,1.00,NAND2_X1,1.000000,0.334792,0.470000,0.743982,0.000000,0.520788,0.334792,0.111597,52,332
334,NODE,n334,2,n323,n333,1,19.000000,19.000000,0.000000,19,1.00,AND2_X1,1.000000,0.334792,0.470000,0.743982,0.000000,0.520788,0.334792,0.111597,323,333
335,NODE,n335,2,n322,n334,1,20.000000,20.000000,0.000000,20,1.00,AND2_X1,1.000000,0.334792,0.470000,0.743982,0.000000,0.520788,0.334792,0.111597,322,334
336,NODE,n336,2,n316,n335,1,21.000000,21.000000,0.000000,21,1.00,AND2_X1,1.000000,0.334792,0.470000,0.743982,0.000000,0.520788,0.334792,0.111597,316,335
337,NODE,n337,2,G47,n212,1,5.000000,18.000000,13.000000,5,1.00,NAND2_X1,0.500000,0.609792,0.470000,0.743982,0.500000,0.670788,0.609792,0.536597,38,212
338,NODE,n338,2,G55,G57,1,1.000000,17.000000,16.000000,1,1.00,NAND2_X1,0.384615,0.673254,0.470000,0.743982,0.615385,0.705403,0.673254,0.634674,43,58
339,NODE,n339,2,G54,n285,1,10.000000,17.000000,7.000000,10,1.00,NAND2_X1,0.730769,0.482869,0.470000,0.743982,0.269231,0.601557,0.482869,0.340444,45,285
340,NODE,n340,2,n338,n339,1,11.000000,18.000000,7.000000,11,1.00,AND2_X1,0.730769,0.482869,0.470000,0.743982,0.269231,0.601557,0.482869,0.340444,338,339
341,NODE,n341,2,n337,n340,1,12.000000,19.000000,7.000000,12,1.00,AND2_X1,0.730769,0.482869,0.470000,0.743982,0.269231,0.601557,0.482869,0.340444,337,340
342,NODE,n342,2,n287,n298,2,12.000000,13.000000,1.000000,12,1.00,NAND2_X1,0.961538,0.326405,0.436667,0.678337,0.038462,0.486374,0.326405,0.134443,287,298
343,NODE,n343,1,n342,,2,13.000000,14.000000,1.000000,13,1.00,INV_X1,0.961538,0.087128,0.166667,0.146608,0.038462,0.114164,0.087128,0.054684,342,-1
344,NODE,n344,2,G52,n343,1,14.000000,17.000000,3.000000,14,1.00,NAND2_X1,0.884615,0.398254,0.470000,0.743982,0.115385,0.555403,0.398254,0.209674,49,343
345,NODE,n345,2,G53,n299,1,12.000000,17.000000,5.000000,12,1.00,NAND2_X1,0.807692,0.440561,0.470000,0.743982,0.192308,0.578480,0.440561,0.275059,50,299
346,NODE,n346,2,n344,n345,1,15.000000,18.000000,3.000000,15,1.00,AND2_X1,0.884615,0.398254,0.470000,0.743982,0.115385,0.555403,0.398254,0.209674,344,345
347,NODE,n347,2,G29,G50,1,1.000000,17.000000,16.000000,1,1.00,NAND2_X1,0.384615,0.673254,0.470000,0.743982,0.615385,0.705403,0.673254,0.634674,28,51
348,NODE,n348,2,n247,n280,2,13.000000,13.000000,0.000000,13,1.00,NAND2_X1,1.000000,0.305252,0.436667,0.678337,0.000000,0.474836,0.305252,0.101751,247,280
349,NODE,n349,1,n348,,1,14.000000,14.000000,0.000000,14,1.00,INV_X1,1.000000,0.450000,0.600000,1.000000,0.000000,0.700000,0.450000,0.150000,348,-1
350,NODE,n350,2,n342,n349,1,15.000000,15.000000,0.000000,15,1.00,NAND2_X1,1.000000,0.334792,0.470000,0.743982,0.000000,0.520788,0.334792,0.111597,342,349
351,NODE,n351,2,n343,n348,1,14.000000,15.000000,1.000000,14,1.00,NAND2_X1,0.961538,0.355946,0.470000,0.743982,0.038462,0.532326,0.355946,0.144290,343,348
352,NODE,n352,2,n350,n351,1,16.000000,16.000000,0.000000,16,1.00,AND2_X1,1.000000,0.334792,0.470000,0.743982,0.000000,0.520788,0.334792,0.111597,350,351
353,NODE,n353,2,G51,n352,1,17.000000,17.000000,0.000000,17,1.00,NAND2_X1,1.000000,0.334792,0.470000,0.743982,0.000000,0.520788,0.334792,0.111597,52,352
354,NODE,n354,2,n347,n353,1,18.000000,18.000000,0.000000,18,1.00,AND2_X1,1.000000,0.334792,0.470000,0.743982,0.000000,0.520788,0.334792,0.111597,347,353
355,NODE,n355,2,n346,n354,1,19.000000,19.000000,0.000000,19,1.00,AND2_X1,1.000000,0.334792,0.470000,0.743982,0.000000,0.520788,0.334792,0.111597,346,354
356,NODE,n356,2,n341,n355,1,20.000000,20.000000,0.000000,20,1.00,AND2_X1,1.000000,0.334792,0.470000,0.743982,0.000000,0.520788,0.334792,0.111597,341,355
357,NODE,n357,2,G2,G34,1,1.000000,18.000000,17.000000,1,1.00,NAND2_X1,0.346154,0.694407,0.470000,0.743982,0.653846,0.716942,0.694407,0.667367,10,59
358,NODE,n358,2,G24,n238,1,7.000000,18.000000,11.000000,7,1.00,NAND2_X1,0.576923,0.567484,0.470000,0.743982,0.423077,0.647711,0.567484,0.471213,23,238
359,NODE,n359,2,n357,n358,1,8.000000,19.000000,11.000000,8,1.00,AND2_X1,0.576923,0.567484,0.470000,0.743982,0.423077,0.647711,0.567484,0.471213,357,358
360,NODE,n360,2,G10,n222,4,5.000000,12.000000,7.000000,5,1.00,AND2_X1,0.730769,0.163832,0.110000,0.035011,0.269231,0.105277,0.163832,0.234098,18,222
361,NODE,n361,2,G35,n360,1,6.000000,18.000000,12.000000,6,1.00,NAND2_X1,0.538462,0.588638,0.470000,0.743982,0.461538,0.659249,0.588638,0.503905,54,360
362,NODE,n362,2,G4,n216,1,4.000000,11.000000,7.000000,4,1.00,AND2_X1,0.730769,0.482869,0.470000,0.743982,0.269231,0.601557,0.482869,0.340444,8,216
363,NODE,n363,2,n217,n362,1,5.000000,12.000000,7.000000,5,1.00,AND2_X1,0.730769,0.482869,0.470000,0.743982,0.269231,0.601557,0.482869,0.340444,217,362
364,NODE,n364,2,n215,n363,4,6.000000,13.000000,7.000000,6,1.00,NAND2_X1,0.730769,0.163832,0.110000,0.035011,0.269231,0.105277,0.163832,0.234098,215,363
365,NODE,n365,2,n361,n364,1,7.000000,19.000000,12.000000,7,1.00,AND2_X1,0.538462,0.588638,0.470000,0.743982,0.461538,0.659249,0.588638,0.503905,361,364
366,NODE,n366,2,n359,n365,3,9.000000,20.000000,11.000000,9,1.00,NAND2_X1,0.576923,0.257309,0.120000,0.054705,0.423077,0.165216,0.257309,0.367821,359,365
367,NODE,n367,2,G41,n366,3,10.000000,22.000000,12.000000,10,1.00,NAND2_X1,0.538462,0.278463,0.120000,0.054705,0.461538,0.176755,0.278463,0.400513,32,366
368,NODE,n368,2,n271,n303,1,17.000000,17.000000,0.000000,17,1.00,NAND2_X1,1.000000,0.334792,0.470000,0.743982,0.000000,0.520788,0.334792,0.111597,271,303
369,NODE,n369,2,n272,n368,4,18.000000,18.000000,0.000000,18,1.00,NAND2_X1,1.000000,0.015755,0.110000,0.035011,0.000000,0.024508,0.015755,0.005252,272,368
370,NODE,n370,2,G34,G38,1,1.000000,13.000000,12.000000,1,1.00,NAND2_X1,0.538462,0.588638,0.470000,0.743982,0.461538,0.659249,0.588638,0.503905,59,60
371,NODE,n371,2,G27,n238,1,7.000000,13.000000,6.000000,7,1.00,NAND2_X1,0.769231,0.461715,0.470000,0.743982,0.230769,0.590019,0.461715,0.307751,26,238
372,NODE,n372,2,n370,n371,1,8.000000,14.000000,6.000000,8,1.00,AND2_X1,0.769231,0.461715,0.470000,0.743982,0.230769,0.590019,0.461715,0.307751,370,371
373,NODE,n373,2,G39,n360,1,6.000000,13.000000,7.000000,6,1.00,NAND2_X1,0.730769,0.482869,0.470000,0.743982,0.269231,0.601557,0.482869,0.340444,47,360
374,NODE,n374,2,n364,n373,1,7.000000,14.000000,7.000000,7,1.00,AND2_X1,0.730769,0.482869,0.470000,0.743982,0.269231,0.601557,0.482869,0.340444,364,373
375,NODE,n375,2,n372,n374,3,9.000000,15.000000,6.000000,9,1.00,NAND2_X1,0.769231,0.151540,0.120000,0.054705,0.230769,0.107524,0.151540,0.204360,372,374
376,NODE,n376,1,n375,,1,10.000000,16.000000,6.000000,10,1.00,INV_X1,0.769231,0.576923,0.600000,1.000000,0.230769,0.769231,0.576923,0.346154,375,-1
377,NODE,n377,2,n171,n376,3,11.000000,17.000000,6.000000,11,1.00,NAND2_X1,0.769231,0.151540,0.120000,0.054705,0.230769,0.107524,0.151540,0.204360,171,376
378,NODE,n378,2,n369,n377,2,19.000000,19.000000,0.000000,19,1.00,NAND2_X1,1.000000,0.305252,0.436667,0.678337,0.000000,0.474836,0.305252,0.101751,369,377
379,NODE,n379,1,n378,,1,20.000000,20.000000,0.000000,20,1.00,INV_X1,1.000000,0.450000,0.600000,1.000000,0.000000,0.700000,0.450000,0.150000,378,-1
380,NODE,n380,2,G4,G34,1,1.000000,13.000000,12.000000,1,1.00,NAND2_X1,0.538462,0.588638,0.470000,0.743982,0.461538,0.659249,0.588638,0.503905,8,59
381,NODE,n381,2,G26,n238,1,7.000000,13.000000,6.000000,7,1.00,NAND2_X1,0.769231,0.461715,0.470000,0.743982,0.230769,0.590019,0.461715,0.307751,25,238
382,NODE,n382,2,n380,n381,1,8.000000,14.000000,6.000000,8,1.00,AND2_X1,0.769231,0.461715,0.470000,0.743982,0.230769,0.590019,0.461715,0.307751,380,381
383,NODE,n383,2,G37,n360,1,6.000000,13.000000,7.000000,6,1.00,NAND2_X1,0.730769,0.482869,0.470000,0.743982,0.269231,0.601557,0.482869,0.340444,55,360
384,NODE,n384,2,n364,n383,1,7.000000,14.000000,7.000000,7,1.00,AND2_X1,0.730769,0.482869,0.470000,0.743982,0.269231,0.601557,0.482869,0.340444,364,383
385,NODE,n385,2,n382,n384,3,9.000000,15.000000,6.000000,9,1.00,NAND2_X1,0.769231,0.151540,0.120000,0.054705,0.230769,0.107524,0.151540,0.204360,382,384
386,NODE,n386,1,n385,,1,10.000000,16.000000,6.000000,10,1.00,INV_X1,0.769231,0.576923,0.600000,1.000000,0.230769,0.769231,0.576923,0.346154,385,-1
387,NODE,n387,2,n170,n386,4,11.000000,17.000000,6.000000,11,1.00,NAND2_X1,0.769231,0.142678,0.110000,0.035011,0.230769,0.093738,0.142678,0.201405,170,386
388,NODE,n388,2,G9,G34,1,1.000000,15.000000,14.000000,1,1.00,NAND2_X1,0.461538,0.630946,0.470000,0.743982,0.538462,0.682326,0.630946,0.569290,17,59
389,NODE,n389,2,G25,n238,1,7.000000,15.000000,8.000000,7,1.00,NAND2_X1,0.692308,0.504023,0.470000,0.743982,0.307692,0.613095,0.504023,0.373136,24,238
390,NODE,n390,2,n388,n389,1,8.000000,16.000000,8.000000,8,1.00,AND2_X1,0.692308,0.504023,0.470000,0.743982,0.307692,0.613095,0.504023,0.373136,388,389
391,NODE,n391,2,G36,n360,1,6.000000,15.000000,9.000000,6,1.00,NAND2_X1,0.653846,0.525177,0.470000,0.743982,0.346154,0.624634,0.525177,0.405828,56,360
392,NODE,n392,2,n364,n391,1,7.000000,16.000000,9.000000,7,1.00,AND2_X1,0.653846,0.525177,0.470000,0.743982,0.346154,0.624634,0.525177,0.405828,364,391
393,NODE,n393,2,n390,n392,3,9.000000,17.000000,8.000000,9,1.00,NAND2_X1,0.692308,0.193848,0.120000,0.054705,0.307692,0.130601,0.193848,0.269744,390,392
394,NODE,n394,1,n393,,1,10.000000,18.000000,8.000000,10,1.00,INV_X1,0.692308,0.619231,0.600000,1.000000,0.307692,0.792308,0.619231,0.411538,393,-1
395,NODE,n395,2,n166,n394,3,11.000000,19.000000,8.000000,11,1.00,NAND2_X1,0.692308,0.193848,0.120000,0.054705,0.307692,0.130601,0.193848,0.269744,166,394
396,NODE,n396,2,n387,n395,2,12.000000,20.000000,8.000000,12,1.00,AND2_X1,0.692308,0.474482,0.436667,0.678337,0.307692,0.567144,0.474482,0.363289,387,395
397,NODE,n397,2,n379,n396,1,21.000000,21.000000,0.000000,21,1.00,NAND2_X1,1.000000,0.334792,0.470000,0.743982,0.000000,0.520788,0.334792,0.111597,379,396
398,NODE,n398,2,G44,n375,3,10.000000,16.000000,6.000000,10,1.00,NAND2_X1,0.769231,0.151540,0.120000,0.054705,0.230769,0.107524,0.151540,0.204360,35,375
399,NODE,n399,1,n398,,3,11.000000,17.000000,6.000000,11,1.00,INV_X1,0.769231,0.178127,0.150000,0.113786,0.230769,0.148881,0.178127,0.213222,398,-1
400,NODE,n400,2,n396,n399,1,13.000000,21.000000,8.000000,13,1.00,NAND2_X1,0.692308,0.504023,0.470000,0.743982,0.307692,0.613095,0.504023,0.373136,396,399
401,NODE,n401,2,n397,n400,1,22.000000,22.000000,0.000000,22,1.00,AND2_X1,1.000000,0.334792,0.470000,0.743982,0.000000,0.520788,0.334792,0.111597,397,400
402,NODE,n402,2,G43,n385,3,10.000000,18.000000,8.000000,10,1.00,NAND2_X1,0.692308,0.193848,0.120000,0.054705,0.307692,0.130601,0.193848,0.269744,34,385
403,NODE,n403,1,n402,,2,11.000000,20.000000,9.000000,11,1.00,INV_X1,0.653846,0.256358,0.166667,0.146608,0.346154,0.206472,0.256358,0.316222,402,-1
404,NODE,n404,2,n395,n403,1,12.000000,21.000000,9.000000,12,1.00,NAND2_X1,0.653846,0.525177,0.470000,0.743982,0.346154,0.624634,0.525177,0.405828,395,403
405,NODE,n405,2,G42,n393,3,10.000000,19.000000,9.000000,10,1.00,NAND2_X1,0.653846,0.215002,0.120000,0.054705,0.346154,0.142139,0.215002,0.302436,33,393
406,NODE,n406,2,n404,n405,1,13.000000,22.000000,9.000000,13,1.00,AND2_X1,0.653846,0.525177,0.470000,0.743982,0.346154,0.624634,0.525177,0.405828,404,405
407,NODE,n407,2,n401,n406,3,23.000000,23.000000,0.000000,23,1.00,NAND2_X1,1.000000,0.024617,0.120000,0.054705,0.000000,0.038293,0.024617,0.008206,401,406
408,NODE,n408,1,n366,,1,10.000000,21.000000,11.000000,10,1.00,INV_X1,0.576923,0.682692,0.600000,1.000000,0.423077,0.826923,0.682692,0.509615,366,-1
409,NODE,n409,2,n165,n408,2,11.000000,22.000000,11.000000,11,1.00,NAND2_X1,0.576923,0.537944,0.436667,0.678337,0.423077,0.601759,0.537944,0.461366,165,408
410,NODE,n410,2,n407,n409,1,24.000000,24.000000,0.000000,24,1.00,NAND2_X1,1.000000,0.334792,0.470000,0.743982,0.000000,0.520788,0.334792,0.111597,407,409
411,NODE,n411,2,n367,n410,1,25.000000,25.000000,0.000000,25,1.00,AND2_X1,1.000000,0.334792,0.470000,0.743982,0.000000,0.520788,0.334792,0.111597,367,410
412,NODE,n412,2,G54,n375,1,10.000000,23.000000,13.000000,10,1.00,NAND2_X1,0.500000,0.609792,0.470000,0.743982,0.500000,0.670788,0.609792,0.536597,45,375
413,NODE,n413,2,G44,n212,1,5.000000,23.000000,18.000000,5,1.00,NAND2_X1,0.307692,0.715561,0.470000,0.743982,0.692308,0.728480,0.715561,0.700059,35,212
414,NODE,n414,2,n412,n413,1,11.000000,24.000000,13.000000,11,1.00,AND2_X1,0.500000,0.609792,0.470000,0.743982,0.500000,0.670788,0.609792,0.536597,412,413
415,NODE,n415,2,n377,n398,2,12.000000,18.000000,6.000000,12,1.00,NAND2_X1,0.769231,0.432175,0.436667,0.678337,0.230769,0.544067,0.432175,0.297904,377,398
416,NODE,n416,1,n415,,2,13.000000,19.000000,6.000000,13,1.00,INV_X1,0.769231,0.192897,0.166667,0.146608,0.230769,0.171857,0.192897,0.218145,415,-1
417,NODE,n417,2,G52,n416,1,14.000000,22.000000,8.000000,14,1.00,NAND2_X1,0.692308,0.504023,0.470000,0.743982,0.307692,0.613095,0.504023,0.373136,49,416
418,NODE,n418,2,G53,n399,1,12.000000,22.000000,10.000000,12,1.00,NAND2_X1,0.615385,0.546331,0.470000,0.743982,0.384615,0.636172,0.546331,0.438520,50,399
419,NODE,n419,2,n417,n418,1,15.000000,23.000000,8.000000,15,1.00,AND2_X1,0.692308,0.504023,0.470000,0.743982,0.307692,0.613095,0.504023,0.373136,417,418
420,NODE,n420,2,G26,G50,1,1.000000,22.000000,21.000000,1,1.00,NAND2_X1,0.192308,0.779023,0.470000,0.743982,0.807692,0.763095,0.779023,0.798136,25,51
421,NODE,n421,1,n369,,1,19.000000,19.000000,0.000000,19,1.00,INV_X1,1.000000,0.450000,0.600000,1.000000,0.000000,0.700000,0.450000,0.150000,369,-1
422,NODE,n422,2,n421,n415,1,20.000000,20.000000,0.000000,20,1.00,NAND2_X1,1.000000,0.334792,0.470000,0.743982,0.000000,0.520788,0.334792,0.111597,421,415
423,NODE,n423,2,n369,n416,1,19.000000,20.000000,1.000000,19,1.00,NAND2_X1,0.961538,0.355946,0.470000,0.743982,0.038462,0.532326,0.355946,0.144290,369,416
424,NODE,n424,2,n422,n423,1,21.000000,21.000000,0.000000,21,1.00,AND2_X1,1.000000,0.334792,0.470000,0.743982,0.000000,0.520788,0.334792,0.111597,422,423
425,NODE,n425,2,G51,n424,1,22.000000,22.000000,0.000000,22,1.00,NAND2_X1,1.000000,0.334792,0.470000,0.743982,0.000000,0.520788,0.334792,0.111597,52,424
426,NODE,n426,2,n420,n425,1,23.000000,23.000000,0.000000,23,1.00,AND2_X1,1.000000,0.334792,0.470000,0.743982,0.000000,0.520788,0.334792,0.111597,420,425
427,NODE,n427,2,n419,n426,1,24.000000,24.000000,0.000000,24,1.00,AND2_X1,1.000000,0.334792,0.470000,0.743982,0.000000,0.520788,0.334792,0.111597,419,426
428,NODE,n428,2,n414,n427,1,25.000000,25.000000,0.000000,25,1.00,AND2_X1,1.000000,0.334792,0.470000,0.743982,0.000000,0.520788,0.334792,0.111597,414,427
429,NODE,n429,2,G54,n366,1,10.000000,28.000000,18.000000,10,1.00,NAND2_X1,0.307692,0.715561,0.470000,0.743982,0.692308,0.728480,0.715561,0.700059,45,366
430,NODE,n430,2,G41,n212,1,5.000000,28.000000,23.000000,5,1.00,NAND2_X1,0.115385,0.821331,0.470000,0.743982,0.884615,0.786172,0.821331,0.863520,32,212
431,NODE,n431,2,n429,n430,1,11.000000,29.000000,18.000000,11,1.00,AND2_X1,0.307692,0.715561,0.470000,0.743982,0.692308,0.728480,0.715561,0.700059,429,430
432,NODE,n432,2,n367,n409,2,12.000000,23.000000,11.000000,12,1.00,NAND2_X1,0.576923,0.537944,0.436667,0.678337,0.423077,0.601759,0.537944,0.461366,367,409
433,NODE,n433,1,n432,,2,13.000000,24.000000,11.000000,13,1.00,INV_X1,0.576923,0.298666,0.166667,0.146608,0.423077,0.229549,0.298666,0.381607,432,-1
434,NODE,n434,2,G52,n433,1,14.000000,27.000000,13.000000,14,1.00,NAND2_X1,0.500000,0.609792,0.470000,0.743982,0.500000,0.670788,0.609792,0.536597,49,433
435,NODE,n435,1,n367,,1,11.000000,26.000000,15.000000,11,1.00,INV_X1,0.423077,0.767308,0.600000,1.000000,0.576923,0.873077,0.767308,0.640385,367,-1
436,NODE,n436,2,G53,n435,1,12.000000,27.000000,15.000000,12,1.00,NAND2_X1,0.423077,0.652100,0.470000,0.743982,0.576923,0.693865,0.652100,0.601982,50,435
437,NODE,n437,2,n434,n436,1,15.000000,28.000000,13.000000,15,1.00,AND2_X1,0.500000,0.609792,0.470000,0.743982,0.500000,0.670788,0.609792,0.536597,434,436
438,NODE,n438,2,G60,G50,1,1.000000,27.000000,26.000000,1,1.00,NAND2_X1,0.000000,0.884792,0.470000,0.743982,1.000000,0.820788,0.884792,0.961597,46,51
439,NODE,n439,1,n407,,1,24.000000,24.000000,0.000000,24,1.00,INV_X1,1.000000,0.450000,0.600000,1.000000,0.000000,0.700000,0.450000,0.150000,407,-1
440,NODE,n440,2,n439,n432,1,25.000000,25.000000,0.000000,25,1.00,NAND2_X1,1.000000,0.334792,0.470000,0.743982,0.000000,0.520788,0.334792,0.111597,439,432
441,NODE,n441,2,n407,n433,1,24.000000,25.000000,1.000000,24,1.00,NAND2_X1,0.961538,0.355946,0.470000,0.743982,0.038462,0.532326,0.355946,0.144290,407,433
442,NODE,n442,2,n440,n441,1,26.000000,26.000000,0.000000,26,1.00,AND2_X1,1.000000,0.334792,0.470000,0.743982,0.000000,0.520788,0.334792,0.111597,440,441
443,NODE,n443,2,G51,n442,1,27.000000,27.000000,0.000000,27,1.00,NAND2_X1,1.000000,0.334792,0.470000,0.743982,0.000000,0.520788,0.334792,0.111597,52,442
444,NODE,n444,2,n438,n443,1,28.000000,28.000000,0.000000,28,1.00,AND2_X1,1.000000,0.334792,0.470000,0.743982,0.000000,0.520788,0.334792,0.111597,438,443
445,NODE,n445,2,n437,n444,1,29.000000,29.000000,0.000000,29,1.00,AND2_X1,1.000000,0.334792,0.470000,0.743982,0.000000,0.520788,0.334792,0.111597,437,444
446,NODE,n446,2,n431,n445,1,30.000000,30.000000,0.000000,30,1.00,AND2_X1,1.000000,0.334792,0.470000,0.743982,0.000000,0.520788,0.334792,0.111597,431,445
447,NODE,n447,2,G54,n393,1,10.000000,25.000000,15.000000,10,1.00,NAND2_X1,0.423077,0.652100,0.470000,0.743982,0.576923,0.693865,0.652100,0.601982,45,393
448,NODE,n448,2,G42,n212,1,5.000000,25.000000,20.000000,5,1.00,NAND2_X1,0.230769,0.757869,0.470000,0.743982,0.769231,0.751557,0.757869,0.765444,33,212
449,NODE,n449,2,n447,n448,1,11.000000,26.000000,15.000000,11,1.00,AND2_X1,0.423077,0.652100,0.470000,0.743982,0.576923,0.693865,0.652100,0.601982,447,448
450,NODE,n450,2,n395,n405,2,12.000000,20.000000,8.000000,12,1.00,NAND2_X1,0.692308,0.474482,0.436667,0.678337,0.307692,0.567144,0.474482,0.363289,395,405
451,NODE,n451,1,n450,,2,13.000000,21.000000,8.000000,13,1.00,INV_X1,0.692308,0.235205,0.166667,0.146608,0.307692,0.194934,0.235205,0.283530,450,-1
452,NODE,n452,2,G52,n451,1,14.000000,24.000000,10.000000,14,1.00,NAND2_X1,0.615385,0.546331,0.470000,0.743982,0.384615,0.636172,0.546331,0.438520,49,451
453,NODE,n453,1,n405,,1,11.000000,23.000000,12.000000,11,1.00,INV_X1,0.538462,0.703846,0.600000,1.000000,0.461538,0.838462,0.703846,0.542308,405,-1
454,NODE,n454,2,G53,n453,1,12.000000,24.000000,12.000000,12,1.00,NAND2_X1,0.538462,0.588638,0.470000,0.743982,0.461538,0.659249,0.588638,0.503905,50,453
455,NODE,n455,2,n452,n454,1,15.000000,25.000000,10.000000,15,1.00,AND2_X1,0.615385,0.546331,0.470000,0.743982,0.384615,0.636172,0.546331,0.438520,452,454
456,NODE,n456,2,G24,G50,1,1.000000,24.000000,23.000000,1,1.00,NAND2_X1,0.115385,0.821331,0.470000,0.743982,0.884615,0.786172,0.821331,0.863520,23,51
457,NODE,n457,2,n377,n387,1,12.000000,18.000000,6.000000,12,1.00,AND2_X1,0.769231,0.461715,0.470000,0.743982,0.230769,0.590019,0.461715,0.307751,377,387
458,NODE,n458,2,n369,n457,1,19.000000,19.000000,0.000000,19,1.00,NAND2_X1,1.000000,0.334792,0.470000,0.743982,0.000000,0.520788,0.334792,0.111597,369,457
459,NODE,n459,2,n387,n399,1,12.000000,18.000000,6.000000,12,1.00,NAND2_X1,0.769231,0.461715,0.470000,0.743982,0.230769,0.590019,0.461715,0.307751,387,399
460,NODE,n460,2,n402,n459,1,13.000000,19.000000,6.000000,13,1.00,AND2_X1,0.769231,0.461715,0.470000,0.743982,0.230769,0.590019,0.461715,0.307751,402,459
461,NODE,n461,2,n458,n460,2,20.000000,20.000000,0.000000,20,1.00,NAND2_X1,1.000000,0.305252,0.436667,0.678337,0.000000,0.474836,0.305252,0.101751,458,460
462,NODE,n462,1,n461,,1,21.000000,21.000000,0.000000,21,1.00,INV_X1,1.000000,0.450000,0.600000,1.000000,0.000000,0.700000,0.450000,0.150000,461,-1
463,NODE,n463,2,n450,n462,1,22.000000,22.000000,0.000000,22,1.00,NAND2_X1,1.000000,0.334792,0.470000,0.743982,0.000000,0.520788,0.334792,0.111597,450,462
464,NODE,n464,2,n451,n461,1,21.000000,22.000000,1.000000,21,1.00,NAND2_X1,0.961538,0.355946,0.470000,0.743982,0.038462,0.532326,0.355946,0.144290,451,461
465,NODE,n465,2,n463,n464,1,23.000000,23.000000,0.000000,23,1.00,AND2_X1,1.000000,0.334792,0.470000,0.743982,0.000000,0.520788,0.334792,0.111597,463,464
466,NODE,n466,2,G51,n465,1,24.000000,24.000000,0.000000,24,1.00,NAND2_X1,1.000000,0.334792,0.470000,0.743982,0.000000,0.520788,0.334792,0.111597,52,465
467,NODE,n467,2,n456,n466,1,25.000000,25.000000,0.000000,25,1.00,AND2_X1,1.000000,0.334792,0.470000,0.743982,0.000000,0.520788,0.334792,0.111597,456,466
468,NODE,n468,2,n455,n467,1,26.000000,26.000000,0.000000,26,1.00,AND2_X1,1.000000,0.334792,0.470000,0.743982,0.000000,0.520788,0.334792,0.111597,455,467
469,NODE,n469,2,n449,n468,1,27.000000,27.000000,0.000000,27,1.00,AND2_X1,1.000000,0.334792,0.470000,0.743982,0.000000,0.520788,0.334792,0.111597,449,468
470,NODE,n470,2,G54,n385,1,10.000000,25.000000,15.000000,10,1.00,NAND2_X1,0.423077,0.652100,0.470000,0.743982,0.576923,0.693865,0.652100,0.601982,45,385
471,NODE,n471,2,G43,n212,1,5.000000,25.000000,20.000000,5,1.00,NAND2_X1,0.230769,0.757869,0.470000,0.743982,0.769231,0.751557,0.757869,0.765444,34,212
472,NODE,n472,2,n470,n471,1,11.000000,26.000000,15.000000,11,1.00,AND2_X1,0.423077,0.652100,0.470000,0.743982,0.576923,0.693865,0.652100,0.601982,470,471
473,NODE,n473,2,n387,n402,2,12.000000,20.000000,8.000000,12,1.00,NAND2_X1,0.692308,0.474482,0.436667,0.678337,0.307692,0.567144,0.474482,0.363289,387,402
474,NODE,n474,1,n473,,2,13.000000,21.000000,8.000000,13,1.00,INV_X1,0.692308,0.235205,0.166667,0.146608,0.307692,0.194934,0.235205,0.283530,473,-1
475,NODE,n475,2,G52,n474,1,14.000000,24.000000,10.000000,14,1.00,NAND2_X1,0.615385,0.546331,0.470000,0.743982,0.384615,0.636172,0.546331,0.438520,49,474
476,NODE,n476,2,G53,n403,1,12.000000,24.000000,12.000000,12,1.00,NAND2_X1,0.538462,0.588638,0.470000,0.743982,0.461538,0.659249,0.588638,0.503905,50,403
477,NODE,n477,2,n475,n476,1,15.000000,25.000000,10.000000,15,1.00,AND2_X1,0.615385,0.546331,0.470000,0.743982,0.384615,0.636172,0.546331,0.438520,475,476
478,NODE,n478,2,G25,G50,1,1.000000,24.000000,23.000000,1,1.00,NAND2_X1,0.115385,0.821331,0.470000,0.743982,0.884615,0.786172,0.821331,0.863520,24,51
479,NODE,n479,2,n378,n398,2,20.000000,20.000000,0.000000,20,1.00,NAND2_X1,1.000000,0.305252,0.436667,0.678337,0.000000,0.474836,0.305252,0.101751,378,398
480,NODE,n480,1,n479,,1,21.000000,21.000000,0.000000,21,1.00,INV_X1,1.000000,0.450000,0.600000,1.000000,0.000000,0.700000,0.450000,0.150000,479,-1
481,NODE,n481,2,n473,n480,1,22.000000,22.000000,0.000000,22,1.00,NAND2_X1,1.000000,0.334792,0.470000,0.743982,0.000000,0.520788,0.334792,0.111597,473,480
482,NODE,n482,2,n474,n479,1,21.000000,22.000000,1.000000,21,1.00,NAND2_X1,0.961538,0.355946,0.470000,0.743982,0.038462,0.532326,0.355946,0.144290,474,479
483,NODE,n483,2,n481,n482,1,23.000000,23.000000,0.000000,23,1.00,AND2_X1,1.000000,0.334792,0.470000,0.743982,0.000000,0.520788,0.334792,0.111597,481,482
484,NODE,n484,2,G51,n483,1,24.000000,24.000000,0.000000,24,1.00,NAND2_X1,1.000000,0.334792,0.470000,0.743982,0.000000,0.520788,0.334792,0.111597,52,483
485,NODE,n485,2,n478,n484,1,25.000000,25.000000,0.000000,25,1.00,AND2_X1,1.000000,0.334792,0.470000,0.743982,0.000000,0.520788,0.334792,0.111597,478,484
486,NODE,n486,2,n477,n485,1,26.000000,26.000000,0.000000,26,1.00,AND2_X1,1.000000,0.334792,0.470000,0.743982,0.000000,0.520788,0.334792,0.111597,477,485
487,NODE,n487,2,n472,n486,1,27.000000,27.000000,0.000000,27,1.00,AND2_X1,1.000000,0.334792,0.470000,0.743982,0.000000,0.520788,0.334792,0.111597,472,486
