part,pot,criticality,slack_potential,struct_potential,fanout,window_size,prior,model_prob,accepted,area_impr_pct,delay_delta,node
0,0.200000,1.000000,0.000000,1.000000,1,16,0.500000,0.500000,0,-3.728223,2.970016,n18
0,0.200000,1.000000,0.000000,1.000000,1,16,0.500000,0.500000,0,-2.787456,5.429993,n27
0,0.200000,1.000000,0.000000,1.000000,1,16,0.500000,0.500000,0,-3.728223,2.970016,n30
0,0.156398,1.000000,0.000000,0.781991,1,16,0.500000,0.500000,0,-5.574913,2.970016,n19
0,0.156398,1.000000,0.000000,0.781991,1,16,0.500000,0.500000,0,-0.000000,5.680008,n22
0,0.156398,1.000000,0.000000,0.781991,1,16,0.500000,0.500000,0,-3.728223,2.970016,n26
0,0.156398,1.000000,0.000000,0.781991,1,16,0.500000,0.500000,0,-0.000000,5.680008,n32
0,0.156398,1.000000,0.000000,0.781991,1,16,0.500000,0.500000,0,-0.000000,5.680008,n37
0,0.156398,1.000000,0.000000,0.781991,1,16,0.500000,0.500000,0,-5.574913,2.970016,n38
1,0.836335,0.000000,1.000000,0.766193,2,16,0.500000,0.593272,0,-5.574913,2.970016,n15
2,0.750000,0.500000,0.500000,1.000000,1,16,0.500000,0.558028,0,-3.728223,2.970016,n33
2,0.750000,0.500000,0.500000,1.000000,1,16,0.500000,0.558028,0,-0.000000,0.000000,n34
2,0.750000,0.500000,0.500000,1.000000,1,16,0.500000,0.558028,0,0.000000,0.000000,n43
2,0.640995,0.500000,0.500000,0.781991,1,16,0.500000,0.541844,0,-0.000000,5.680008,n16
2,0.640995,0.500000,0.500000,0.781991,1,16,0.500000,0.541844,0,0.000000,0.000000,n21
2,0.640995,0.500000,0.500000,0.781991,1,16,0.500000,0.541844,0,0.000000,0.000000,n36
2,0.640995,0.500000,0.500000,0.781991,1,16,0.500000,0.541844,0,0.000000,0.000000,n40
2,0.640995,0.500000,0.500000,0.781991,1,16,0.055556,0.350106,0,0.000000,0.000000,n41
2,0.640995,0.500000,0.500000,0.781991,1,16,0.055556,0.350106,0,0.000000,0.000000,n44
2,0.640995,0.500000,0.500000,0.781991,1,16,0.055556,0.350106,0,0.000000,0.000000,n45
0,0.153239,1.000000,0.000000,0.766193,2,16,0.027972,0.202835,0,-5.574913,2.970016,n20
1,0.319905,0.000000,1.000000,0.028436,3,16,0.333333,0.336814,0,-5.574913,2.970016,n13
0,0.153239,1.000000,0.000000,0.766193,2,16,0.023810,0.167261,0,-5.574913,2.970016,n23
0,0.153239,1.000000,0.000000,0.766193,2,16,0.023810,0.167261,0,-3.728223,2.970016,n24
2,0.633096,0.500000,0.500000,0.766193,2,16,0.030303,0.219259,0,3.763066,0.220001,n35
2,0.633096,0.500000,0.500000,0.766193,2,16,0.030303,0.219259,0,-0.000000,5.680008,n39
0,0.153239,1.000000,0.000000,0.766193,2,16,0.017857,0.124437,0,-2.787456,5.429993,n29
0,0.153239,1.000000,0.000000,0.766193,2,16,0.017857,0.124437,0,0.000000,0.000000,n42
0,0.007267,1.000000,0.000000,0.036335,2,16,0.071429,0.121722,0,-1.010453,4.029999,n17
0,0.007267,1.000000,0.000000,0.036335,2,16,0.071429,0.121722,0,-3.728223,2.970016,n25
0,0.005687,1.000000,0.000000,0.028436,3,16,0.071429,0.117239,0,-2.787456,5.429993,n28
0,0.004739,1.000000,0.000000,0.023697,4,16,0.030075,0.100197,0,-0.000000,5.680008,n14
0,0.000000,1.000000,0.000000,0.000000,3,16,0.030075,0.103878,0,-1.010453,4.029999,n31
0,0.360000,0.800000,0.200000,1.000000,1,16,0.500000,0.196414,0,5.152814,6.260010,n278
0,0.360000,0.800000,0.200000,1.000000,1,16,0.500000,0.196414,0,3.961983,5.029999,n339
0,0.360000,0.800000,0.200000,1.000000,1,16,0.500000,0.196414,0,-0.346627,0.000000,n393
0,0.360000,0.800000,0.200000,1.000000,1,16,0.500000,0.196414,0,7.486023,9.850006,n529
0,0.360000,0.800000,0.200000,1.000000,1,16,0.500000,0.196414,0,-0.506895,0.000000,n537
0,0.360000,0.800000,0.200000,1.000000,1,16,0.500000,0.196414,0,1.287738,5.170013,n570
0,0.360000,0.800000,0.200000,1.000000,1,16,0.500000,0.196414,0,1.332464,5.550018,n610
0,0.316909,0.800000,0.200000,0.784543,1,16,0.500000,0.193426,0,1.833768,9.600006,n47
0,0.316909,0.800000,0.200000,0.784543,1,16,0.500000,0.193426,0,2.677972,1.540009,n110
0,0.316909,0.800000,0.200000,0.784543,1,16,0.500000,0.193426,0,-2.491614,1.510010,n111
0,0.316909,0.800000,0.200000,0.784543,1,16,0.500000,0.193426,0,0.447261,0.760010,n128
0,0.316909,0.800000,0.200000,0.784543,1,16,0.500000,0.193426,1,0.000000,0.000000,n170
0,0.316909,0.800000,0.200000,0.784543,1,16,0.500000,0.193426,0,-0.054044,0.000000,n206
0,0.316909,0.800000,0.200000,0.784543,1,16,0.500000,0.193426,1,0.441670,0.000000,n207
0,0.316909,0.800000,0.200000,0.784543,1,16,0.500000,0.193426,0,0.501657,0.760010,n209
0,0.316909,0.800000,0.200000,0.784543,1,16,0.500000,0.193426,0,1.340247,0.760010,n213
0,0.316909,0.800000,0.200000,0.784543,1,16,0.500000,0.193426,0,-0.649533,0.000000,n233
0,0.316909,0.800000,0.200000,0.784543,1,16,0.500000,0.193426,1,0.003744,0.000000,n234
0,0.316909,0.800000,0.200000,0.784543,1,16,0.500000,0.193426,0,0.453005,0.760010,n269
0,0.316909,0.800000,0.200000,0.784543,1,16,0.500000,0.193426,1,0.649557,0.000000,n270
0,0.316909,0.800000,0.200000,0.784543,1,16,0.500000,0.193426,0,2.200701,2.000000,n273
0,0.316909,0.800000,0.200000,0.784543,1,16,0.500000,0.193426,0,-0.655688,0.000000,n274
0,0.316909,0.800000,0.200000,0.784543,1,16,0.500000,0.193426,0,-0.548291,0.000000,n277
0,0.316909,0.800000,0.200000,0.784543,1,16,0.500000,0.193426,0,-0.989185,1.820007,n279
0,0.316909,0.800000,0.200000,0.784543,1,16,0.500000,0.193426,0,-1.151223,2.320038,n328
0,0.316909,0.800000,0.200000,0.784543,1,16,0.500000,0.193426,0,-1.307608,0.760010,n337
0,0.316909,0.800000,0.200000,0.784543,1,16,0.500000,0.193426,0,0.148849,0.760010,n338
0,0.316909,0.800000,0.200000,0.784543,1,16,0.500000,0.193426,0,3.063647,5.320007,n344
0,0.316909,0.800000,0.200000,0.784543,1,16,0.500000,0.193426,0,2.960018,5.320007,n396
0,0.316909,0.800000,0.200000,0.784543,1,16,0.500000,0.193426,0,1.556318,10.890015,n402
0,0.316909,0.800000,0.200000,0.784543,1,16,0.500000,0.193426,0,0.565249,0.940002,n408
0,0.316909,0.800000,0.200000,0.784543,1,16,0.500000,0.193426,0,3.404680,6.720001,n423
0,0.316909,0.800000,0.200000,0.784543,1,16,0.500000,0.193426,0,0.847873,0.760010,n530
0,0.316909,0.800000,0.200000,0.784543,1,16,0.500000,0.193426,0,5.358556,6.400024,n532
0,0.316909,0.800000,0.200000,0.784543,1,16,0.500000,0.193426,0,3.218148,3.560028,n533
0,0.316909,0.800000,0.200000,0.784543,1,16,0.500000,0.193426,0,-0.250594,0.000000,n534
0,0.316909,0.800000,0.200000,0.784543,1,16,0.500000,0.193426,0,0.904398,0.940002,n539
0,0.316909,0.800000,0.200000,0.784543,1,16,0.500000,0.193426,0,4.052832,6.299988,n540
0,0.316909,0.800000,0.200000,0.784543,1,16,0.500000,0.193426,0,1.752270,5.029999,n558
0,0.316909,0.800000,0.200000,0.784543,1,16,0.500000,0.193426,0,0.604816,0.869995,n559
0,0.316909,0.800000,0.200000,0.784543,1,16,0.500000,0.193426,0,1.006142,0.760010,n560
0,0.316909,0.800000,0.200000,0.784543,1,16,0.500000,0.193426,0,-1.100350,0.000000,n574
0,0.316909,0.800000,0.200000,0.784543,1,16,0.500000,0.193426,0,6.200776,7.430023,n575
0,0.316909,0.800000,0.200000,0.784543,1,16,0.500000,0.193426,0,-0.101745,0.529999,n578
0,0.316909,0.800000,0.200000,0.784543,1,16,0.500000,0.193426,0,3.911520,6.399994,n584
0,0.316909,0.800000,0.200000,0.784543,1,16,0.500000,0.193426,0,0.199721,0.779999,n588
0,0.316909,0.800000,0.200000,0.784543,1,16,0.500000,0.193426,0,5.716547,9.179993,n589
0,0.316909,0.800000,0.200000,0.784543,1,16,0.500000,0.193426,0,4.668953,3.950012,n590
0,0.316909,0.800000,0.200000,0.784543,1,16,0.500000,0.193426,0,0.237404,2.500000,n591
0,0.316909,0.800000,0.200000,0.784543,1,16,0.500000,0.193426,0,2.852621,7.160004,n592
0,0.316909,0.800000,0.200000,0.784543,1,16,0.500000,0.193426,0,3.348155,7.750000,n598
0,0.316909,0.800000,0.200000,0.784543,1,16,0.500000,0.193426,0,1.096582,0.090027,n599
0,0.316909,0.800000,0.200000,0.784543,1,16,0.500000,0.193426,0,2.396654,3.560028,n600
0,0.316909,0.800000,0.200000,0.784543,1,16,0.500000,0.193426,0,1.974601,9.850006,n606
0,0.316909,0.800000,0.200000,0.784543,1,16,0.500000,0.193426,0,2.351434,9.179993,n607
0,0.316909,0.800000,0.200000,0.784543,1,16,0.500000,0.193426,0,-4.391981,1.140015,n613
0,0.313786,0.800000,0.200000,0.768931,2,16,0.500000,0.186669,0,-1.009911,0.000000,n45
0,0.313786,0.800000,0.200000,0.768931,2,16,0.500000,0.186669,1,-1.757923,-0.169983,n54
0,0.313786,0.800000,0.200000,0.768931,2,16,0.500000,0.186669,0,9.854278,26.540009,n65
0,0.313786,0.800000,0.200000,0.768931,2,16,0.500000,0.186669,0,2.405244,1.979980,n69
0,0.313786,0.800000,0.200000,0.768931,2,16,0.500000,0.186669,1,0.048142,0.000000,n86
0,0.313786,0.800000,0.200000,0.768931,2,16,0.500000,0.186669,0,-0.392731,0.000000,n112
0,0.313786,0.800000,0.200000,0.768931,2,16,0.500000,0.186669,0,8.388137,13.599976,n198
0,0.313786,0.800000,0.200000,0.768931,2,16,0.500000,0.186669,0,3.025138,8.559998,n199
0,0.313786,0.800000,0.200000,0.768931,2,16,0.500000,0.186669,0,2.317482,1.979980,n217
0,0.313786,0.800000,0.200000,0.768931,2,16,0.500000,0.186669,0,-0.333451,0.880005,n280
0,0.313786,0.800000,0.200000,0.768931,2,16,0.500000,0.186669,1,0.440896,0.000000,n329
0,0.313786,0.800000,0.200000,0.768931,2,16,0.500000,0.186669,1,-1.520198,-0.420013,n399
0,0.313786,0.800000,0.200000,0.768931,2,16,0.500000,0.186669,0,4.572947,4.130005,n472
0,0.313786,0.800000,0.200000,0.768931,2,16,0.500000,0.186669,0,2.864736,4.130005,n536
0,0.313786,0.800000,0.200000,0.768931,2,16,0.500000,0.186669,0,6.818182,11.029999,n571
0,0.280000,0.900000,0.100000,1.000000,1,16,0.500000,0.174685,0,-1.165689,0.000000,n288
0,0.280000,0.900000,0.100000,1.000000,1,16,0.500000,0.174685,1,0.000000,0.000000,n364
0,0.280000,0.900000,0.100000,1.000000,1,16,0.500000,0.174685,0,1.854839,1.350006,n496
0,0.280000,0.900000,0.100000,1.000000,1,16,0.500000,0.174685,0,2.181085,0.630005,n541
0,0.280000,0.900000,0.100000,1.000000,1,16,0.500000,0.174685,0,0.000000,0.000000,n655
0,0.236909,0.900000,0.100000,0.784543,1,16,0.500000,0.171956,0,2.445015,4.829987,n118
0,0.236909,0.900000,0.100000,0.784543,1,16,0.500000,0.171956,0,-0.394062,4.829987,n119
0,0.236909,0.900000,0.100000,0.784543,1,16,0.500000,0.171956,0,0.478372,1.300018,n120
0,0.236909,0.900000,0.100000,0.784543,1,16,0.500000,0.171956,0,2.708944,3.360016,n127
0,0.236909,0.900000,0.100000,0.784543,1,16,0.500000,0.171956,0,4.919355,7.309998,n129
0,0.236909,0.900000,0.100000,0.784543,1,16,0.500000,0.171956,1,1.024560,0.000000,n138
0,0.236909,0.900000,0.100000,0.784543,1,16,0.500000,0.171956,0,-2.262921,0.000000,n224
0,0.236909,0.900000,0.100000,0.784543,1,16,0.500000,0.171956,1,0.000000,0.000000,n275
0,0.236909,0.900000,0.100000,0.784543,1,16,0.500000,0.171956,0,2.659210,5.910004,n380
0,0.236909,0.900000,0.100000,0.784543,1,16,0.500000,0.171956,0,-0.149997,1.429993,n381
0,0.236909,0.900000,0.100000,0.784543,1,16,0.500000,0.171956,0,-0.837022,0.000000,n497
0,0.236909,0.900000,0.100000,0.784543,1,16,0.500000,0.171956,0,5.372123,9.140015,n542
0,0.236909,0.900000,0.100000,0.784543,1,16,0.500000,0.171956,0,3.225866,5.619995,n552
0,0.236909,0.900000,0.100000,0.784543,1,16,0.500000,0.171956,0,3.922150,4.520020,n561
0,0.236909,0.900000,0.100000,0.784543,1,16,0.500000,0.171956,0,5.792485,5.760010,n562
0,0.236909,0.900000,0.100000,0.784543,1,16,0.500000,0.171956,0,3.333272,5.760010,n563
0,0.236909,0.900000,0.100000,0.784543,1,16,0.500000,0.171956,0,5.305457,7.750000,n583
0,0.236909,0.900000,0.100000,0.784543,1,16,0.500000,0.171956,1,0.000000,0.000000,n653
0,0.236909,0.900000,0.100000,0.784543,1,16,0.500000,0.171956,0,0.000000,0.000000,n656
1,0.940000,0.200000,0.800000,1.000000,1,16,0.500000,0.383645,0,0.000000,0.000000,n427
1,0.910000,0.300000,0.700000,1.000000,1,16,0.500000,0.363323,0,-0.246292,0.000000,n412
1,0.910000,0.300000,0.700000,1.000000,1,16,0.500000,0.363323,0,0.000000,0.000000,n580
1,0.910000,0.300000,0.700000,1.000000,1,16,0.500000,0.363323,1,1.622192,0.630005,n615
1,0.880000,0.400000,0.600000,1.000000,1,16,0.500000,0.343477,0,0.000000,0.000000,n307
1,0.880000,0.400000,0.600000,1.000000,1,16,0.500000,0.343477,0,0.000000,0.000000,n331
1,0.880000,0.400000,0.600000,1.000000,1,16,0.500000,0.343477,0,0.000000,0.000000,n485
1,0.880000,0.400000,0.600000,1.000000,1,16,0.500000,0.343477,0,-0.256000,0.000000,n608
1,0.819180,0.100000,0.900000,0.784543,1,16,0.500000,0.373364,0,0.000000,0.000000,n165
1,0.819180,0.100000,0.900000,0.784543,1,16,0.500000,0.373364,0,-0.199529,0.000000,n538
1,0.789180,0.200000,0.800000,0.784543,1,16,0.500000,0.353274,1,0.045176,0.000000,n444
1,0.789180,0.200000,0.800000,0.784543,1,16,0.500000,0.353274,0,-0.201503,0.000000,n475
1,0.789180,0.200000,0.800000,0.784543,1,16,0.500000,0.353274,0,-0.252349,0.000000,n531
1,0.789180,0.200000,0.800000,0.784543,1,16,0.500000,0.353274,0,0.000000,0.000000,n548
1,0.759180,0.300000,0.700000,0.784543,1,16,0.500000,0.333690,0,0.000000,0.000000,n211
1,0.759180,0.300000,0.700000,0.784543,1,16,0.500000,0.333690,0,0.000000,0.000000,n238
1,0.759180,0.300000,0.700000,0.784543,1,16,0.500000,0.333690,0,0.000000,0.000000,n404
1,0.759180,0.300000,0.700000,0.784543,1,16,0.500000,0.333690,1,1.001864,1.610016,n405
1,0.759180,0.300000,0.700000,0.784543,1,16,0.500000,0.333690,0,0.000000,0.000000,n428
1,0.759180,0.300000,0.700000,0.784543,1,16,0.500000,0.333690,1,3.484944,4.719971,n430
2,0.750000,0.500000,0.500000,1.000000,1,16,0.500000,0.197456,0,-0.987445,0.529999,n78
2,0.750000,0.500000,0.500000,1.000000,1,16,0.500000,0.197456,0,-0.839624,0.000000,n157
2,0.750000,0.500000,0.500000,1.000000,1,16,0.500000,0.197456,0,0.000000,0.000000,n291
2,0.750000,0.500000,0.500000,1.000000,1,16,0.500000,0.197456,0,-0.731222,0.000000,n319
2,0.750000,0.500000,0.500000,1.000000,1,16,0.500000,0.197456,0,0.000000,0.000000,n394
2,0.750000,0.500000,0.500000,1.000000,1,16,0.500000,0.197456,0,1.988687,1.429993,n438
2,0.750000,0.500000,0.500000,1.000000,1,16,0.500000,0.197456,0,-0.313381,0.000000,n648
2,0.700000,0.600000,0.400000,1.000000,1,16,0.500000,0.181602,0,-0.425725,0.000000,n38
2,0.700000,0.600000,0.400000,1.000000,1,16,0.500000,0.181602,0,-0.203008,-2.299988,n202
2,0.700000,0.600000,0.400000,1.000000,1,16,0.500000,0.181602,1,0.102489,0.000000,n312
2,0.700000,0.600000,0.400000,1.000000,1,16,0.500000,0.181602,1,0.007892,0.000000,n435
2,0.700000,0.600000,0.400000,1.000000,1,16,0.500000,0.181602,0,1.833034,5.440002,n449
2,0.700000,0.600000,0.400000,1.000000,1,16,0.500000,0.181602,0,0.000000,0.000000,n455
2,0.700000,0.600000,0.400000,1.000000,1,16,0.500000,0.181602,0,-1.793572,0.000000,n462
2,0.700000,0.600000,0.400000,1.000000,1,16,0.500000,0.181602,1,1.209526,0.000000,n527
2,0.700000,0.600000,0.400000,1.000000,1,16,0.500000,0.181602,0,0.846848,2.150024,n593
2,0.650000,0.700000,0.300000,1.000000,1,16,0.500000,0.166756,0,-0.101861,0.000000,n33
2,0.650000,0.700000,0.300000,1.000000,1,16,0.500000,0.166756,0,-1.164416,0.960022,n108
2,0.650000,0.700000,0.300000,1.000000,1,16,0.500000,0.166756,0,0.000000,0.000000,n136
2,0.650000,0.700000,0.300000,1.000000,1,16,0.500000,0.166756,1,0.101861,0.000000,n247
2,0.650000,0.700000,0.300000,1.000000,1,16,0.500000,0.166756,0,-0.047984,0.000000,n251
2,0.650000,0.700000,0.300000,1.000000,1,16,0.500000,0.166756,0,-0.105964,0.000000,n256
2,0.650000,0.700000,0.300000,1.000000,1,16,0.500000,0.166756,0,-1.069636,0.000000,n375
2,0.650000,0.700000,0.300000,1.000000,1,16,0.500000,0.166756,0,-0.213927,0.000000,n425
2,0.650000,0.700000,0.300000,1.000000,1,16,0.500000,0.166756,0,0.000000,0.000000,n486
2,0.650000,0.700000,0.300000,1.000000,1,16,0.500000,0.166756,0,-0.589799,0.000000,n489
2,0.650000,0.700000,0.300000,1.000000,1,16,0.500000,0.166756,0,-0.589799,0.000000,n546
2,0.650000,0.700000,0.300000,1.000000,1,16,0.500000,0.166756,0,-1.917348,1.710022,n595
2,0.650000,0.700000,0.300000,1.000000,1,16,0.500000,0.166756,0,-0.533819,0.000000,n631
2,0.642272,0.500000,0.500000,0.784543,1,16,0.500000,0.188106,0,-1.431513,0.000000,n63
2,0.642272,0.500000,0.500000,0.784543,1,16,0.500000,0.188106,0,0.000000,0.000000,n64
2,0.642272,0.500000,0.500000,0.784543,1,16,0.500000,0.188106,0,-1.967331,1.710022,n79
2,0.642272,0.500000,0.500000,0.784543,1,16,0.500000,0.188106,0,-1.483496,0.960022,n83
2,0.642272,0.500000,0.500000,0.784543,1,16,0.500000,0.188106,0,-1.701422,0.000000,n149
2,0.642272,0.500000,0.500000,0.784543,1,16,0.500000,0.188106,0,-1.703421,0.000000,n150
2,0.642272,0.500000,0.500000,0.784543,1,16,0.500000,0.188106,0,0.895695,1.970032,n180
2,0.642272,0.500000,0.500000,0.784543,1,16,0.500000,0.188106,1,0.053982,0.000000,n220
2,0.642272,0.500000,0.500000,0.784543,1,16,0.500000,0.188106,0,-1.224245,0.000000,n232
2,0.642272,0.500000,0.500000,0.784543,1,16,0.500000,0.188106,1,0.264053,0.000000,n315
2,0.642272,0.500000,0.500000,0.784543,1,16,0.500000,0.188106,1,0.002006,0.000000,n320
2,0.642272,0.500000,0.500000,0.784543,1,16,0.500000,0.188106,0,-1.494274,0.000000,n322
2,0.642272,0.500000,0.500000,0.784543,1,16,0.500000,0.188106,0,0.000000,0.000000,n326
2,0.642272,0.500000,0.500000,0.784543,1,16,0.500000,0.188106,1,0.044126,0.000000,n336
2,0.642272,0.500000,0.500000,0.784543,1,16,0.500000,0.188106,0,0.000000,0.000000,n365
2,0.642272,0.500000,0.500000,0.784543,1,16,0.500000,0.188106,1,0.266881,0.000000,n395
2,0.642272,0.500000,0.500000,0.784543,1,16,0.500000,0.188106,0,-0.488914,1.970032,n415
2,0.642272,0.500000,0.500000,0.784543,1,16,0.500000,0.188106,0,-5.460545,-4.859985,n439
2,0.642272,0.500000,0.500000,0.784543,1,16,0.500000,0.188106,0,-1.865116,0.570007,n464
2,0.642272,0.500000,0.500000,0.784543,1,16,0.500000,0.188106,0,0.000000,0.000000,n465
2,0.642272,0.500000,0.500000,0.784543,1,16,0.500000,0.188106,1,0.064384,0.000000,n479
2,0.642272,0.500000,0.500000,0.784543,1,16,0.500000,0.188106,0,-0.646265,0.000000,n487
2,0.642272,0.500000,0.500000,0.784543,1,16,0.500000,0.188106,0,-0.642239,0.000000,n520
2,0.642272,0.500000,0.500000,0.784543,1,16,0.500000,0.188106,1,0.106704,0.000000,n522
2,0.642272,0.500000,0.500000,0.784543,1,16,0.500000,0.188106,0,0.044340,2.180023,n557
2,0.642272,0.500000,0.500000,0.784543,1,16,0.500000,0.188106,0,-3.105790,2.180023,n582
2,0.642272,0.500000,0.500000,0.784543,1,16,0.500000,0.188106,0,-2.043654,0.000000,n605
2,0.642272,0.500000,0.500000,0.784543,1,16,0.500000,0.188106,0,0.000000,0.000000,n614
2,0.642272,0.500000,0.500000,0.784543,1,16,0.500000,0.188106,0,-0.161235,0.000000,n617
2,0.642272,0.500000,0.500000,0.784543,1,16,0.500000,0.188106,0,-2.523329,0.000000,n621
2,0.642272,0.500000,0.500000,0.784543,1,16,0.500000,0.188106,0,-2.523329,0.000000,n622
2,0.642272,0.500000,0.500000,0.784543,1,16,0.500000,0.188106,0,-0.538122,0.000000,n623
2,0.642272,0.500000,0.500000,0.784543,1,16,0.500000,0.188106,0,-1.287865,0.000000,n624
2,0.642272,0.500000,0.500000,0.784543,1,16,0.500000,0.188106,0,0.000000,0.000000,n625
2,0.642272,0.500000,0.500000,0.784543,1,16,0.500000,0.188106,0,-1.561965,0.000000,n626
2,0.642272,0.500000,0.500000,0.784543,1,16,0.500000,0.188106,0,-0.912994,0.000000,n627
2,0.642272,0.500000,0.500000,0.784543,1,16,0.500000,0.188106,0,-1.074229,0.000000,n628
2,0.642272,0.500000,0.500000,0.784543,1,16,0.500000,0.188106,0,-1.834049,0.000000,n629
2,0.642272,0.500000,0.500000,0.784543,1,16,0.500000,0.188106,0,-0.699357,0.000000,n632
2,0.642272,0.500000,0.500000,0.784543,1,16,0.500000,0.188106,0,-0.870669,0.000000,n643
2,0.642272,0.500000,0.500000,0.784543,1,16,0.500000,0.188106,0,0.000000,0.000000,n651
2,0.634465,0.500000,0.500000,0.768931,2,16,0.500000,0.181098,0,-1.295927,-0.649994,n62
2,0.634465,0.500000,0.500000,0.768931,2,16,0.500000,0.181098,0,-2.081948,4.670013,n80
2,0.634465,0.500000,0.500000,0.768931,2,16,0.500000,0.181098,0,-0.820283,1.010010,n197
2,0.634465,0.500000,0.500000,0.768931,2,16,0.500000,0.181098,1,0.052401,0.000000,n318
2,0.634465,0.500000,0.500000,0.768931,2,16,0.500000,0.181098,1,0.163336,0.000000,n325
2,0.634465,0.500000,0.500000,0.768931,2,16,0.500000,0.181098,0,-4.671783,0.000000,n367
2,0.634465,0.500000,0.500000,0.768931,2,16,0.500000,0.181098,0,0.000000,0.000000,n413
2,0.634465,0.500000,0.500000,0.768931,2,16,0.500000,0.181098,0,-0.054534,0.000000,n484
2,0.634465,0.500000,0.500000,0.768931,2,16,0.500000,0.181098,0,-2.264189,0.000000,n512
2,0.592272,0.600000,0.400000,0.784543,1,16,0.500000,0.172841,0,-0.910927,0.000000,n88
2,0.592272,0.600000,0.400000,0.784543,1,16,0.500000,0.172841,0,1.056352,3.080017,n90
2,0.592272,0.600000,0.400000,0.784543,1,16,0.500000,0.172841,0,-1.403757,1.970032,n159
2,0.592272,0.600000,0.400000,0.784543,1,16,0.500000,0.172841,0,-0.119168,1.970032,n160
2,0.592272,0.600000,0.400000,0.784543,1,16,0.500000,0.172841,0,-3.066047,0.000000,n161
2,0.592272,0.600000,0.400000,0.784543,1,16,0.500000,0.172841,0,0.000000,0.000000,n200
2,0.592272,0.600000,0.400000,0.784543,1,16,0.500000,0.172841,0,0.000000,0.000000,n201
2,0.592272,0.600000,0.400000,0.784543,1,16,0.500000,0.172841,0,0.000000,0.000000,n253
2,0.592272,0.600000,0.400000,0.784543,1,16,0.500000,0.172841,0,0.000000,0.000000,n262
2,0.592272,0.600000,0.400000,0.784543,1,16,0.500000,0.172841,0,-0.925066,-0.649994,n266
2,0.592272,0.600000,0.400000,0.784543,1,16,0.500000,0.172841,0,-0.706928,0.000000,n293
2,0.592272,0.600000,0.400000,0.784543,1,16,0.500000,0.172841,0,-0.212078,0.000000,n323
2,0.592272,0.600000,0.400000,0.784543,1,16,0.500000,0.172841,0,0.000000,0.000000,n324
2,0.592272,0.600000,0.400000,0.784543,1,16,0.500000,0.172841,0,1.908705,8.370026,n347
2,0.592272,0.600000,0.400000,0.784543,1,16,0.500000,0.172841,0,-5.003030,0.529999,n348
2,0.592272,0.600000,0.400000,0.784543,1,16,0.500000,0.172841,0,-0.436275,0.000000,n350
2,0.592272,0.600000,0.400000,0.784543,1,16,0.500000,0.172841,1,0.105029,0.000000,n411
2,0.592272,0.600000,0.400000,0.784543,1,16,0.500000,0.172841,0,-3.882082,4.399994,n420
2,0.592272,0.600000,0.400000,0.784543,1,16,0.500000,0.172841,0,-4.134821,-2.829987,n421
2,0.592272,0.600000,0.400000,0.784543,1,16,0.500000,0.172841,0,0.525699,1.970032,n434
2,0.592272,0.600000,0.400000,0.784543,1,16,0.500000,0.172841,0,0.000000,0.000000,n446
2,0.592272,0.600000,0.400000,0.784543,1,16,0.500000,0.172841,0,0.632860,5.440002,n447
2,0.592272,0.600000,0.400000,0.784543,1,16,0.500000,0.172841,0,0.000000,0.000000,n450
2,0.592272,0.600000,0.400000,0.784543,1,16,0.500000,0.172841,1,0.002022,0.000000,n454
2,0.592272,0.600000,0.400000,0.784543,1,16,0.500000,0.172841,0,-1.623633,0.000000,n457
2,0.592272,0.600000,0.400000,0.784543,1,16,0.500000,0.172841,0,-1.623633,0.000000,n458
2,0.592272,0.600000,0.400000,0.784543,1,16,0.500000,0.172841,0,0.000000,0.000000,n459
2,0.592272,0.600000,0.400000,0.784543,1,16,0.500000,0.172841,0,-0.374062,0.000000,n463
2,0.592272,0.600000,0.400000,0.784543,1,16,0.500000,0.172841,0,-1.132297,0.000000,n466
2,0.592272,0.600000,0.400000,0.784543,1,16,0.500000,0.172841,0,-0.697576,0.000000,n467
0,0.233786,0.900000,0.100000,0.768931,2,16,0.153743,0.058010,0,-2.673029,2.660004,n92
0,0.233786,0.900000,0.100000,0.768931,2,16,0.153743,0.058010,0,-1.726753,0.960022,n107
0,0.233786,0.900000,0.100000,0.768931,2,16,0.153743,0.058010,1,0.000000,0.000000,n109
0,0.233786,0.900000,0.100000,0.768931,2,16,0.153743,0.058010,0,-2.630568,3.820007,n124
1,0.759180,0.300000,0.700000,0.784543,1,16,0.244318,0.167583,0,0.000000,0.000000,n432
1,0.759180,0.300000,0.700000,0.784543,1,16,0.244318,0.167583,0,0.000000,0.000000,n471
1,0.759180,0.300000,0.700000,0.784543,1,16,0.244318,0.167583,0,0.000000,0.000000,n553
1,0.759180,0.300000,0.700000,0.784543,1,16,0.244318,0.167583,0,0.000000,0.000000,n556
1,0.759180,0.300000,0.700000,0.784543,1,16,0.244318,0.167583,0,0.000000,0.000000,n565
2,0.592272,0.600000,0.400000,0.784543,1,16,0.075782,0.077743,0,0.000000,0.000000,n506
2,0.592272,0.600000,0.400000,0.784543,1,16,0.075782,0.077743,0,-0.105142,0.000000,n507
2,0.592272,0.600000,0.400000,0.784543,1,16,0.075782,0.077743,1,0.327557,0.000000,n508
2,0.592272,0.600000,0.400000,0.784543,1,16,0.075782,0.077743,1,0.208946,0.000000,n525
2,0.592272,0.600000,0.400000,0.784543,1,16,0.075782,0.077743,1,0.656611,0.000000,n544
2,0.592272,0.600000,0.400000,0.784543,1,16,0.075782,0.077743,0,-1.256420,0.000000,n573
2,0.592272,0.600000,0.400000,0.784543,1,16,0.075782,0.077743,0,-1.203217,0.000000,n579
2,0.592272,0.600000,0.400000,0.784543,1,16,0.075782,0.077743,0,-1.368966,0.000000,n630
2,0.584465,0.600000,0.400000,0.768931,2,16,0.075782,0.074626,0,-0.341730,0.170013,n49
0,0.233786,0.900000,0.100000,0.768931,2,16,0.168684,0.086385,0,-2.293888,0.000000,n125
0,0.233786,0.900000,0.100000,0.768931,2,16,0.168684,0.086385,0,-1.759807,2.430023,n143
0,0.233786,0.900000,0.100000,0.768931,2,16,0.168684,0.086385,0,-4.904950,3.180023,n145
0,0.233786,0.900000,0.100000,0.768931,2,16,0.168684,0.086385,0,-1.473327,0.000000,n289
0,0.233786,0.900000,0.100000,0.768931,2,16,0.168684,0.086385,0,-3.664900,0.000000,n330
0,0.233786,0.900000,0.100000,0.768931,2,16,0.168684,0.086385,0,-1.192985,0.000000,n341
0,0.233786,0.900000,0.100000,0.768931,2,16,0.168684,0.086385,0,-0.106407,0.000000,n342
0,0.233786,0.900000,0.100000,0.768931,2,16,0.168684,0.086385,0,-0.339684,2.160004,n345
0,0.233786,0.900000,0.100000,0.768931,2,16,0.168684,0.086385,1,-2.844339,-0.649994,n379
0,0.233786,0.900000,0.100000,0.768931,2,16,0.168684,0.086385,0,-4.120655,1.179993,n470
0,0.233786,0.900000,0.100000,0.768931,2,16,0.168684,0.086385,0,2.479158,3.730011,n498
0,0.233786,0.900000,0.100000,0.768931,2,16,0.168684,0.086385,0,-0.419825,0.000000,n609
0,0.233786,0.900000,0.100000,0.768931,2,16,0.168684,0.086385,1,0.047753,0.000000,n647
0,0.233786,0.900000,0.100000,0.768931,2,16,0.168684,0.086385,0,0.000000,0.000000,n654
1,0.729180,0.400000,0.600000,0.784543,1,16,0.185185,0.199369,1,0.475764,0.000000,n179
1,0.729180,0.400000,0.600000,0.784543,1,16,0.185185,0.199369,0,-0.482039,0.000000,n210
1,0.729180,0.400000,0.600000,0.784543,1,16,0.185185,0.199369,1,0.318025,2.980011,n212
1,0.729180,0.400000,0.600000,0.784543,1,16,0.185185,0.199369,0,0.000000,0.000000,n231
1,0.729180,0.400000,0.600000,0.784543,1,16,0.185185,0.199369,0,-0.002007,0.000000,n237
1,0.729180,0.400000,0.600000,0.784543,1,16,0.185185,0.199369,0,0.000000,0.000000,n281
1,0.729180,0.400000,0.600000,0.784543,1,16,0.185185,0.199369,0,0.000000,0.000000,n311
1,0.729180,0.400000,0.600000,0.784543,1,16,0.185185,0.199369,0,0.000000,0.000000,n332
1,0.729180,0.400000,0.600000,0.784543,1,16,0.185185,0.199369,1,0.487590,0.000000,n403
1,0.729180,0.400000,0.600000,0.784543,1,16,0.185185,0.199369,0,0.000000,0.000000,n417
1,0.729180,0.400000,0.600000,0.784543,1,16,0.185185,0.199369,0,-0.643223,0.000000,n566
1,0.729180,0.400000,0.600000,0.784543,1,16,0.185185,0.199369,0,0.000000,0.000000,n567
2,0.584465,0.600000,0.400000,0.768931,2,16,0.131008,0.143135,1,0.054442,0.000000,n223
2,0.584465,0.600000,0.400000,0.768931,2,16,0.131008,0.143135,0,0.000000,0.000000,n265
2,0.584465,0.600000,0.400000,0.768931,2,16,0.131008,0.143135,0,0.000000,0.000000,n267
2,0.584465,0.600000,0.400000,0.768931,2,16,0.131008,0.143135,1,0.484193,0.000000,n294
2,0.584465,0.600000,0.400000,0.768931,2,16,0.131008,0.143135,0,-0.920388,0.000000,n388
2,0.584465,0.600000,0.400000,0.768931,2,16,0.131008,0.143135,1,0.002027,0.000000,n389
2,0.584465,0.600000,0.400000,0.768931,2,16,0.131008,0.143135,0,0.000000,0.000000,n418
2,0.584465,0.600000,0.400000,0.768931,2,16,0.131008,0.143135,0,-1.072457,0.750000,n419
2,0.584465,0.600000,0.400000,0.768931,2,16,0.131008,0.143135,0,0.000000,0.000000,n461
2,0.584465,0.600000,0.400000,0.768931,2,16,0.131008,0.143135,0,-0.474395,1.480011,n569
2,0.542272,0.700000,0.300000,0.784543,1,16,0.131008,0.137228,0,-3.229534,0.000000,n28
2,0.542272,0.700000,0.300000,0.784543,1,16,0.131008,0.137228,0,-0.107448,0.000000,n43
2,0.542272,0.700000,0.300000,0.784543,1,16,0.131008,0.137228,0,-0.490613,0.000000,n50
2,0.542272,0.700000,0.300000,0.784543,1,16,0.131008,0.137228,0,-0.383165,0.000000,n51
0,0.200000,1.000000,0.000000,1.000000,1,16,0.159915,0.120872,0,-0.654827,7.630005,n96
0,0.200000,1.000000,0.000000,1.000000,1,16,0.159915,0.120872,0,-1.388720,9.660004,n98
0,0.200000,1.000000,0.000000,1.000000,1,16,0.159915,0.120872,0,-1.086648,0.000000,n132
0,0.200000,1.000000,0.000000,1.000000,1,16,0.159915,0.120872,0,2.749057,7.239990,n296
0,0.200000,1.000000,0.000000,1.000000,1,16,0.159915,0.120872,0,-1.932044,0.000000,n301
0,0.200000,1.000000,0.000000,1.000000,1,16,0.159915,0.120872,0,-0.375056,6.999969,n387
0,0.200000,1.000000,0.000000,1.000000,1,16,0.159915,0.120872,0,-2.817986,7.839996,n603
0,0.169524,0.800000,0.200000,0.047619,2,16,0.159915,0.129736,0,-3.391720,5.500000,n46
0,0.169524,0.800000,0.200000,0.047619,2,16,0.159915,0.129736,1,-2.481450,-2.980011,n66
1,0.729180,0.400000,0.600000,0.784543,1,16,0.238782,0.236540,1,2.005935,2.830017,n581
1,0.729180,0.400000,0.600000,0.784543,1,16,0.238782,0.236540,0,0.000000,0.000000,n649
1,0.729180,0.400000,0.600000,0.784543,1,16,0.238782,0.236540,0,0.000000,0.000000,n650
1,0.718251,0.400000,0.600000,0.768931,2,16,0.238782,0.228040,0,-0.213986,0.000000,n154
1,0.243333,0.300000,0.700000,0.047619,2,16,0.205128,0.178401,0,0.000000,0.000000,n414
1,0.213333,0.400000,0.600000,0.047619,2,16,0.205128,0.167583,0,0.000000,0.000000,n235
1,0.213333,0.400000,0.600000,0.047619,2,16,0.205128,0.167583,0,0.000000,0.000000,n236
1,0.204590,0.400000,0.600000,0.035129,4,16,0.205128,0.155920,0,0.000000,0.000000,n362
1,0.181171,0.400000,0.600000,0.001673,6,16,0.205128,0.143644,0,0.000000,0.000000,n239
2,0.542272,0.700000,0.300000,0.784543,1,16,0.151872,0.141064,0,-0.650032,0.429993,n52
2,0.542272,0.700000,0.300000,0.784543,1,16,0.151872,0.141064,1,0.155443,0.000000,n73
2,0.542272,0.700000,0.300000,0.784543,1,16,0.151872,0.141064,0,-0.640935,0.000000,n75
2,0.542272,0.700000,0.300000,0.784543,1,16,0.151872,0.141064,0,-1.562911,0.000000,n76
2,0.542272,0.700000,0.300000,0.784543,1,16,0.151872,0.141064,0,0.000000,0.000000,n77
2,0.542272,0.700000,0.300000,0.784543,1,16,0.151872,0.141064,0,1.702420,1.849976,n162
2,0.542272,0.700000,0.300000,0.784543,1,16,0.151872,0.141064,1,0.097050,0.000000,n163
2,0.542272,0.700000,0.300000,0.784543,1,16,0.151872,0.141064,1,0.050596,0.000000,n181
2,0.542272,0.700000,0.300000,0.784543,1,16,0.151872,0.141064,0,-0.212611,0.000000,n183
2,0.542272,0.700000,0.300000,0.784543,1,16,0.151872,0.141064,0,-0.155915,0.000000,n184
2,0.542272,0.700000,0.300000,0.784543,1,16,0.151872,0.141064,0,0.000000,0.000000,n191
2,0.542272,0.700000,0.300000,0.784543,1,16,0.151872,0.141064,0,-0.321954,0.000000,n192
2,0.542272,0.700000,0.300000,0.784543,1,16,0.151872,0.141064,1,0.054671,0.000000,n193
0,0.169524,0.800000,0.200000,0.047619,2,16,0.150968,0.153381,0,-1.347272,1.000000,n205
0,0.169524,0.800000,0.200000,0.047619,2,16,0.150968,0.153381,1,0.000000,0.000000,n218
0,0.169524,0.800000,0.200000,0.047619,2,16,0.150968,0.153381,1,0.000000,0.000000,n276
0,0.167963,0.800000,0.200000,0.039813,3,16,0.150968,0.148197,0,-0.745558,0.000000,n140
0,0.165955,0.800000,0.200000,0.029776,6,16,0.150968,0.133579,1,-1.778804,-1.390015,n148
0,0.162342,0.800000,0.200000,0.011710,3,16,0.150968,0.148041,0,-0.782292,2.390015,n41
0,0.162342,0.800000,0.200000,0.011710,3,16,0.150968,0.148041,0,-0.840018,0.000000,n68
0,0.162342,0.800000,0.200000,0.011710,3,16,0.150968,0.148041,0,-0.274698,1.360016,n122
0,0.162342,0.800000,0.200000,0.011710,3,16,0.150968,0.148041,0,-0.378207,1.360016,n123
0,0.162342,0.800000,0.200000,0.011710,3,16,0.150968,0.148041,1,0.469773,0.000000,n221
0,0.165621,0.800000,0.200000,0.028103,7,16,0.150968,0.128993,0,-0.637987,0.000000,n31
0,0.165621,0.800000,0.200000,0.028103,7,16,0.150968,0.128993,1,0.000000,0.000000,n260
2,0.542272,0.700000,0.300000,0.784543,1,16,0.181535,0.285872,0,-1.483970,0.000000,n228
2,0.542272,0.700000,0.300000,0.784543,1,16,0.181535,0.285872,0,0.000000,0.000000,n245
2,0.542272,0.700000,0.300000,0.784543,1,16,0.181535,0.285872,1,0.745985,0.000000,n246
2,0.542272,0.700000,0.300000,0.784543,1,16,0.181535,0.285872,0,-2.127831,2.419983,n252
2,0.542272,0.700000,0.300000,0.784543,1,16,0.181535,0.285872,0,-2.236641,0.000000,n257
2,0.542272,0.700000,0.300000,0.784543,1,16,0.181535,0.285872,0,-0.421133,0.000000,n258
2,0.542272,0.700000,0.300000,0.784543,1,16,0.181535,0.285872,0,-0.374788,0.000000,n264
2,0.542272,0.700000,0.300000,0.784543,1,16,0.181535,0.285872,0,-0.596437,0.000000,n268
2,0.542272,0.700000,0.300000,0.784543,1,16,0.181535,0.285872,0,2.683969,3.239990,n284
2,0.542272,0.700000,0.300000,0.784543,1,16,0.181535,0.285872,0,-0.000000,0.000000,n290
2,0.542272,0.700000,0.300000,0.784543,1,16,0.181535,0.285872,0,0.648827,1.180023,n351
2,0.542272,0.700000,0.300000,0.784543,1,16,0.181535,0.285872,1,0.274039,0.000000,n355
2,0.542272,0.700000,0.300000,0.784543,1,16,0.181535,0.285872,1,0.216197,0.000000,n357
2,0.542272,0.700000,0.300000,0.784543,1,16,0.181535,0.285872,0,-0.982080,0.000000,n359
2,0.542272,0.700000,0.300000,0.784543,1,16,0.181535,0.285872,0,3.126455,5.139984,n370
2,0.542272,0.700000,0.300000,0.784543,1,16,0.181535,0.285872,1,0.052648,0.000000,n371
2,0.542272,0.700000,0.300000,0.784543,1,16,0.181535,0.285872,0,0.000000,0.000000,n373
2,0.542272,0.700000,0.300000,0.784543,1,16,0.181535,0.285872,1,0.160052,0.000000,n377
2,0.542272,0.700000,0.300000,0.784543,1,16,0.181535,0.285872,0,-0.915179,1.180023,n433
2,0.542272,0.700000,0.300000,0.784543,1,16,0.181535,0.285872,0,-0.215097,0.000000,n440
2,0.542272,0.700000,0.300000,0.784543,1,16,0.181535,0.285872,0,1.996753,4.380005,n441
2,0.542272,0.700000,0.300000,0.784543,1,16,0.181535,0.285872,0,-1.183036,3.120026,n448
2,0.542272,0.700000,0.300000,0.784543,1,16,0.181535,0.285872,0,0.000000,0.000000,n451
2,0.542272,0.700000,0.300000,0.784543,1,16,0.181535,0.285872,0,0.338880,1.790009,n452
2,0.542272,0.700000,0.300000,0.784543,1,16,0.181535,0.285872,0,0.000000,0.000000,n490
2,0.542272,0.700000,0.300000,0.784543,1,16,0.181535,0.285872,0,-1.609172,0.000000,n491
2,0.542272,0.700000,0.300000,0.784543,1,16,0.181535,0.285872,0,-0.217127,0.000000,n492
2,0.542272,0.700000,0.300000,0.784543,1,16,0.181535,0.285872,0,-0.355114,1.790009,n493
2,0.542272,0.700000,0.300000,0.784543,1,16,0.181535,0.285872,0,0.000000,0.000000,n494
2,0.542272,0.700000,0.300000,0.784543,1,16,0.181535,0.285872,0,-0.206981,0.000000,n503
2,0.542272,0.700000,0.300000,0.784543,1,16,0.181535,0.285872,0,-0.213068,0.000000,n504
2,0.542272,0.700000,0.300000,0.784543,1,16,0.181535,0.285872,0,-0.480925,0.000000,n510
2,0.542272,0.700000,0.300000,0.784543,1,16,0.181535,0.285872,1,0.162338,0.000000,n547
2,0.542272,0.700000,0.300000,0.784543,1,16,0.181535,0.285872,1,0.327236,0.000000,n550
2,0.542272,0.700000,0.300000,0.784543,1,16,0.181535,0.285872,0,-0.487367,0.000000,n554
2,0.542272,0.700000,0.300000,0.784543,1,16,0.181535,0.285872,0,-1.572218,0.000000,n576
2,0.542272,0.700000,0.300000,0.784543,1,16,0.181535,0.285872,0,-0.487367,0.000000,n577
2,0.542272,0.700000,0.300000,0.784543,1,16,0.181535,0.285872,1,0.002039,0.000000,n596
2,0.542272,0.700000,0.300000,0.784543,1,16,0.181535,0.285872,0,0.000000,0.000000,n633
2,0.542272,0.700000,0.300000,0.784543,1,16,0.181535,0.285872,0,0.000000,0.000000,n634
2,0.542272,0.700000,0.300000,0.784543,1,16,0.181535,0.285872,0,-0.112158,0.000000,n635
2,0.542272,0.700000,0.300000,0.784543,1,16,0.181535,0.285872,0,0.000000,0.000000,n636
2,0.542272,0.700000,0.300000,0.784543,1,16,0.181535,0.285872,1,0.050981,0.000000,n639
2,0.542272,0.700000,0.300000,0.784543,1,16,0.181535,0.285872,1,0.055087,0.000000,n645
2,0.534465,0.700000,0.300000,0.768931,2,16,0.181535,0.277354,0,-4.395133,-0.100006,n32
2,0.534465,0.700000,0.300000,0.768931,2,16,0.181535,0.277354,1,0.220471,0.000000,n89
2,0.534465,0.700000,0.300000,0.768931,2,16,0.181535,0.277354,1,0.216866,0.000000,n113
0,0.156909,1.000000,0.000000,0.784543,1,16,0.203985,0.221490,0,-0.377266,12.329987,n101
0,0.156909,1.000000,0.000000,0.784543,1,16,0.203985,0.221490,0,-2.214385,3.869995,n102
0,0.156909,1.000000,0.000000,0.784543,1,16,0.203985,0.221490,0,-1.310178,9.389984,n167
0,0.156909,1.000000,0.000000,0.784543,1,16,0.203985,0.221490,0,-5.435496,2.419983,n187
0,0.156909,1.000000,0.000000,0.784543,1,16,0.203985,0.221490,0,0.611006,9.389984,n299
0,0.156909,1.000000,0.000000,0.784543,1,16,0.203985,0.221490,0,0.438776,9.389984,n302
0,0.156909,1.000000,0.000000,0.784543,1,16,0.203985,0.221490,0,-0.381366,7.630035,n304
0,0.156909,1.000000,0.000000,0.784543,1,16,0.203985,0.221490,0,-0.547445,1.180023,n305
0,0.156909,1.000000,0.000000,0.784543,1,16,0.203985,0.221490,1,-6.807184,-1.459991,n306
0,0.161405,0.800000,0.200000,0.007026,4,16,0.203985,0.259417,1,-1.641327,-0.380005,n40
0,0.161405,0.800000,0.200000,0.007026,4,16,0.203985,0.259417,0,1.856574,5.359985,n141
0,0.161405,0.800000,0.200000,0.007026,4,16,0.203985,0.259417,0,4.521503,3.579987,n283
0,0.160781,0.800000,0.200000,0.003903,5,16,0.203985,0.252659,0,5.020114,3.690002,n230
2,0.534465,0.700000,0.300000,0.768931,2,16,0.211825,0.301316,1,1.310745,0.000000,n185
2,0.534465,0.700000,0.300000,0.768931,2,16,0.211825,0.301316,0,0.000000,0.000000,n244
2,0.534465,0.700000,0.300000,0.768931,2,16,0.211825,0.301316,0,1.980748,3.279999,n254
2,0.534465,0.700000,0.300000,0.768931,2,16,0.211825,0.301316,1,0.405718,0.000000,n255
2,0.534465,0.700000,0.300000,0.768931,2,16,0.211825,0.301316,1,0.051882,0.000000,n263
2,0.534465,0.700000,0.300000,0.768931,2,16,0.211825,0.301316,0,-0.926674,0.000000,n349
2,0.534465,0.700000,0.300000,0.768931,2,16,0.211825,0.301316,0,-0.813243,0.000000,n360
2,0.534465,0.700000,0.300000,0.768931,2,16,0.211825,0.301316,0,0.000000,0.000000,n369
2,0.534465,0.700000,0.300000,0.768931,2,16,0.211825,0.301316,0,-0.207636,0.000000,n374
2,0.534465,0.700000,0.300000,0.768931,2,16,0.211825,0.301316,0,3.276041,2.160004,n488
2,0.534465,0.700000,0.300000,0.768931,2,16,0.211825,0.301316,0,0.000000,0.000000,n594
2,0.534465,0.700000,0.300000,0.768931,2,16,0.211825,0.301316,0,0.000000,0.000000,n642
2,0.534465,0.700000,0.300000,0.768931,2,16,0.211825,0.301316,0,6.123351,3.579987,n644
2,0.273810,0.500000,0.500000,0.047619,2,16,0.195876,0.276259,0,-1.430384,0.000000,n82
2,0.273810,0.500000,0.500000,0.047619,2,16,0.195876,0.276259,0,-0.051909,0.000000,n153
2,0.273810,0.500000,0.500000,0.047619,2,16,0.195876,0.276259,0,4.535317,3.380005,n196
2,0.273810,0.500000,0.500000,0.047619,2,16,0.195876,0.276259,0,-4.387280,0.000000,n241
2,0.273810,0.500000,0.500000,0.047619,2,16,0.195876,0.276259,0,2.914600,4.179993,n368
2,0.273810,0.500000,0.500000,0.047619,2,16,0.195876,0.276259,0,0.000000,0.000000,n460
2,0.269906,0.500000,0.500000,0.039813,3,16,0.195876,0.268599,0,-0.455647,0.000000,n513
2,0.255855,0.500000,0.500000,0.011710,3,16,0.195876,0.266396,0,-1.082401,0.000000,n151
2,0.255855,0.500000,0.500000,0.011710,3,16,0.195876,0.266396,1,0.513323,0.000000,n152
2,0.255855,0.500000,0.500000,0.011710,3,16,0.195876,0.266396,0,-0.357509,0.000000,n164
2,0.255855,0.500000,0.500000,0.011710,3,16,0.195876,0.266396,0,0.000000,0.000000,n416
2,0.255855,0.500000,0.500000,0.011710,3,16,0.195876,0.266396,0,-0.309197,0.000000,n426
2,0.253513,0.500000,0.500000,0.007026,4,16,0.195876,0.259152,0,0.000000,0.000000,n456
2,0.223810,0.600000,0.400000,0.047619,2,16,0.195876,0.258706,0,-0.104354,0.000000,n243
2,0.223810,0.600000,0.400000,0.047619,2,16,0.195876,0.258706,0,-0.104354,0.000000,n309
2,0.223810,0.600000,0.400000,0.047619,2,16,0.195876,0.258706,0,-2.516088,0.000000,n352
2,0.223810,0.600000,0.400000,0.047619,2,16,0.195876,0.258706,0,-0.463795,0.000000,n397
2,0.223810,0.600000,0.400000,0.047619,2,16,0.195876,0.258706,1,0.204843,0.000000,n572
2,0.217564,0.600000,0.400000,0.035129,4,16,0.195876,0.244393,0,1.128948,5.140015,n292
2,0.205855,0.600000,0.400000,0.011710,3,16,0.195876,0.249254,0,-0.360179,0.000000,n37
2,0.205855,0.600000,0.400000,0.011710,3,16,0.195876,0.249254,0,0.662264,2.270020,n172
2,0.205855,0.600000,0.400000,0.011710,3,16,0.195876,0.249254,0,-4.583567,1.369995,n195
2,0.205855,0.600000,0.400000,0.011710,3,16,0.195876,0.249254,0,-0.518967,0.000000,n242
2,0.205855,0.600000,0.400000,0.011710,3,16,0.195876,0.249254,0,-0.414399,0.000000,n261
2,0.205855,0.600000,0.400000,0.011710,3,16,0.195876,0.249254,0,-0.104568,0.000000,n308
2,0.173810,0.700000,0.300000,0.047619,2,16,0.195876,0.241896,0,0.000000,0.000000,n409
2,0.201952,0.600000,0.400000,0.003903,5,16,0.195876,0.235635,0,6.171453,5.079987,n61
2,0.169906,0.700000,0.300000,0.039813,3,16,0.195876,0.234880,0,-1.032126,0.000000,n194
2,0.166003,0.700000,0.300000,0.032006,5,16,0.195876,0.221814,0,-2.002285,0.000000,n35
2,0.166003,0.700000,0.300000,0.032006,5,16,0.195876,0.221814,0,-0.050348,0.000000,n519
2,0.155855,0.700000,0.300000,0.011710,3,16,0.195876,0.232865,0,-2.006158,2.690002,n34
2,0.155855,0.700000,0.300000,0.011710,3,16,0.195876,0.232865,0,0.253674,4.029968,n44
0,0.156909,1.000000,0.000000,0.784543,1,16,0.195257,0.131777,0,2.317926,8.519989,n361
0,0.156909,1.000000,0.000000,0.784543,1,16,0.195257,0.131777,0,3.390717,11.319977,n382
0,0.156909,1.000000,0.000000,0.784543,1,16,0.195257,0.131777,0,5.298116,12.319977,n383
0,0.156909,1.000000,0.000000,0.784543,1,16,0.195257,0.131777,0,3.896129,1.839996,n391
0,0.156909,1.000000,0.000000,0.784543,1,16,0.195257,0.131777,0,2.712961,3.020020,n392
0,0.156909,1.000000,0.000000,0.784543,1,16,0.195257,0.131777,0,3.690866,7.699982,n424
0,0.156909,1.000000,0.000000,0.784543,1,16,0.195257,0.131777,0,5.910033,11.319977,n501
0,0.156909,1.000000,0.000000,0.784543,1,16,0.195257,0.131777,0,-2.798164,2.760010,n514
0,0.156909,1.000000,0.000000,0.784543,1,16,0.195257,0.131777,0,5.913906,15.070007,n515
0,0.156909,1.000000,0.000000,0.784543,1,16,0.195257,0.131777,0,0.873337,4.690002,n516
0,0.156909,1.000000,0.000000,0.784543,1,16,0.195257,0.131777,0,3.795434,8.880005,n517
0,0.156909,1.000000,0.000000,0.784543,1,16,0.195257,0.131777,0,3.692802,5.079987,n518
0,0.156909,1.000000,0.000000,0.784543,1,16,0.195257,0.131777,0,0.822989,3.579987,n564
0,0.156909,1.000000,0.000000,0.784543,1,16,0.195257,0.131777,0,2.476714,1.839996,n568
0,0.156909,1.000000,0.000000,0.784543,1,16,0.195257,0.131777,0,0.910130,3.809998,n585
2,0.155855,0.700000,0.300000,0.011710,3,16,0.074768,0.088753,0,-1.390368,0.000000,n229
2,0.155855,0.700000,0.300000,0.011710,3,16,0.074768,0.088753,0,-1.022443,0.000000,n250
2,0.153513,0.700000,0.300000,0.007026,4,16,0.074768,0.085467,0,-0.358242,0.000000,n29
2,0.153513,0.700000,0.300000,0.007026,4,16,0.074768,0.085467,0,-0.054220,0.000000,n215
2,0.151952,0.700000,0.300000,0.003903,5,16,0.074768,0.082321,0,-0.623536,0.000000,n295
2,0.150836,0.700000,0.300000,0.001673,6,16,0.074768,0.079297,0,4.415097,3.380005,n174
0,0.156909,1.000000,0.000000,0.784543,1,16,0.162060,0.091443,0,1.171550,4.599976,n586
0,0.156909,1.000000,0.000000,0.784543,1,16,0.162060,0.091443,0,3.193199,11.679993,n587
0,0.156909,1.000000,0.000000,0.784543,1,16,0.162060,0.091443,0,3.088631,7.699982,n601
0,0.156909,1.000000,0.000000,0.784543,1,16,0.162060,0.091443,0,4.099456,11.029999,n602
0,0.156909,1.000000,0.000000,0.784543,1,16,0.162060,0.091443,0,1.473635,10.639984,n611
0,0.156909,1.000000,0.000000,0.784543,1,16,0.162060,0.091443,0,3.493348,1.839996,n619
0,0.156909,1.000000,0.000000,0.784543,1,16,0.162060,0.091443,0,2.306307,0.380005,n620
0,0.156909,1.000000,0.000000,0.784543,1,16,0.162060,0.091443,0,5.811274,1.839996,n637
0,0.156909,1.000000,0.000000,0.784543,1,16,0.162060,0.091443,0,0.000000,0.000000,n658
0,0.156909,1.000000,0.000000,0.784543,1,16,0.162060,0.091443,0,0.000000,0.000000,n659
0,0.156909,1.000000,0.000000,0.784543,1,16,0.162060,0.091443,0,0.000000,0.000000,n660
0,0.153786,1.000000,0.000000,0.768931,2,16,0.162060,0.088196,0,3.859337,8.250000,n95
0,0.153786,1.000000,0.000000,0.768931,2,16,0.162060,0.088196,0,1.531729,4.960022,n126
0,0.153786,1.000000,0.000000,0.768931,2,16,0.162060,0.088196,0,-1.237389,1.789978,n131
0,0.153786,1.000000,0.000000,0.768931,2,16,0.162060,0.088196,0,-3.042156,0.000000,n190
0,0.153786,1.000000,0.000000,0.768931,2,16,0.162060,0.088196,0,1.736992,4.440002,n340
0,0.153786,1.000000,0.000000,0.768931,2,16,0.162060,0.088196,0,0.815244,2.570007,n346
0,0.153786,1.000000,0.000000,0.768931,2,16,0.162060,0.088196,0,-2.257896,0.000000,n502
0,0.153786,1.000000,0.000000,0.768931,2,16,0.162060,0.088196,0,3.601789,2.110016,n612
0,0.089524,0.900000,0.100000,0.047619,2,16,0.146341,0.093812,0,0.677756,1.820007,n146
0,0.089524,0.900000,0.100000,0.047619,2,16,0.146341,0.093812,0,2.261769,8.850006,n481
0,0.089524,0.900000,0.100000,0.047619,2,16,0.146341,0.093812,0,4.217579,8.850006,n499
0,0.087963,0.900000,0.100000,0.039813,3,16,0.146341,0.090442,1,0.000000,0.000000,n91
0,0.087026,0.900000,0.100000,0.035129,4,16,0.146341,0.087164,0,1.427161,1.839996,n116
0,0.082342,0.900000,0.100000,0.011710,3,16,0.146341,0.090612,0,3.036347,1.839996,n100
0,0.082342,0.900000,0.100000,0.011710,3,16,0.146341,0.090612,0,4.364749,3.380005,n480
0,0.085360,0.900000,0.100000,0.026802,8,16,0.146341,0.075048,0,0.307895,1.469971,n30
0,0.081405,0.900000,0.100000,0.007026,4,16,0.146341,0.087328,0,4.670707,3.380005,n227
0,0.084982,0.900000,0.100000,0.024910,10,16,0.146341,0.069577,0,-1.903526,0.000000,n48
0,0.080781,0.900000,0.100000,0.003903,5,16,0.146341,0.084143,0,5.087043,7.500000,n115
0,0.080781,0.900000,0.100000,0.003903,5,16,0.146341,0.084143,0,-0.517031,0.000000,n121
0,0.080781,0.900000,0.100000,0.003903,5,16,0.146341,0.084143,0,0.156852,4.789978,n142
0,0.080781,0.900000,0.100000,0.003903,5,16,0.146341,0.084143,0,2.254023,1.839996,n171
0,0.080781,0.900000,0.100000,0.003903,5,16,0.146341,0.084143,0,0.722294,1.549988,n343
0,0.080335,0.900000,0.100000,0.001673,6,16,0.079213,0.060789,0,5.288434,5.079987,n286
0,0.080000,0.900000,0.100000,0.000000,7,16,0.079213,0.058444,0,4.724928,3.380005,n71
0,0.009524,1.000000,0.000000,0.047619,2,16,0.079213,0.068829,0,2.871749,8.840027,n25
0,0.009524,1.000000,0.000000,0.047619,2,16,0.079213,0.068829,0,-2.066188,4.000000,n134
0,0.009524,1.000000,0.000000,0.047619,2,16,0.079213,0.068829,0,-0.921748,3.020020,n158
0,0.009524,1.000000,0.000000,0.047619,2,16,0.079213,0.068829,0,4.165295,8.850006,n298
0,0.007963,1.000000,0.000000,0.039813,3,16,0.079213,0.066245,0,-1.084410,2.000000,n26
0,0.007963,1.000000,0.000000,0.039813,3,16,0.079213,0.066245,0,2.972444,7.699982,n99
0,0.007963,1.000000,0.000000,0.039813,3,16,0.079213,0.066245,0,3.187390,3.579987,n104
0,0.007963,1.000000,0.000000,0.039813,3,16,0.079213,0.066245,0,5.604074,5.079987,n189
0,0.007026,1.000000,0.000000,0.035129,4,16,0.079213,0.063727,0,5.613757,14.500000,n27
0,0.007026,1.000000,0.000000,0.035129,4,16,0.079213,0.063727,0,1.901590,10.559998,n106
0,0.007026,1.000000,0.000000,0.035129,4,16,0.079213,0.063727,0,4.008443,1.839996,n401
0,0.006401,1.000000,0.000000,0.032006,5,16,0.079213,0.061287,0,5.189675,11.319977,n58
0,0.002342,1.000000,0.000000,0.011710,3,16,0.079213,0.066477,0,-0.110377,2.580017,n93
0,0.002342,1.000000,0.000000,0.011710,3,16,0.079213,0.066477,0,0.859782,7.699982,n97
0,0.002342,1.000000,0.000000,0.011710,3,16,0.079213,0.066477,0,-0.464747,2.160004,n168
0,0.002342,1.000000,0.000000,0.011710,3,16,0.079213,0.066477,0,3.861273,7.600006,n285
0,0.002342,1.000000,0.000000,0.011710,3,16,0.079213,0.066477,0,4.165295,8.850006,n297
0,0.002342,1.000000,0.000000,0.011710,3,16,0.079213,0.066477,0,-0.935303,3.619995,n327
0,0.002342,1.000000,0.000000,0.011710,3,16,0.079213,0.066477,0,4.318274,2.980011,n604
0,0.001405,1.000000,0.000000,0.007026,4,16,0.079213,0.063951,0,0.207200,3.020020,n103
0,0.001405,1.000000,0.000000,0.007026,4,16,0.079213,0.063951,0,0.863655,4.000000,n133
0,0.001405,1.000000,0.000000,0.007026,4,16,0.079213,0.063951,0,1.134757,5.140015,n303
0,0.004617,1.000000,0.000000,0.023085,13,16,0.079213,0.046432,0,-0.813307,0.000000,n56
0,0.360000,0.800000,0.200000,1.000000,1,16,0.500000,0.079098,0,-0.151856,0.630005,n619
0,0.360000,0.800000,0.200000,1.000000,1,16,0.500000,0.079098,0,-0.010360,0.000000,n899
0,0.360000,0.800000,0.200000,1.000000,1,16,0.500000,0.079098,0,-0.053612,0.240021,n1234
0,0.360000,0.800000,0.200000,1.000000,1,16,0.500000,0.079098,1,0.003656,0.000000,n1293
0,0.360000,0.800000,0.200000,1.000000,1,16,0.500000,0.079098,0,-0.019454,0.000000,n1310
0,0.360000,0.800000,0.200000,1.000000,1,16,0.500000,0.079098,0,-0.075206,0.000000,n2224
0,0.360000,0.800000,0.200000,1.000000,1,16,0.500000,0.079098,0,-0.021059,0.240021,n2630
0,0.360000,0.800000,0.200000,1.000000,1,16,0.500000,0.079098,0,-0.006132,0.000000,n2670
0,0.360000,0.800000,0.200000,1.000000,1,16,0.500000,0.079098,0,-0.038115,0.240021,n3428
0,0.360000,0.800000,0.200000,1.000000,1,16,0.500000,0.079098,1,0.000000,0.000000,n3906
0,0.360000,0.800000,0.200000,1.000000,1,16,0.500000,0.079098,0,-0.011613,0.000000,n4361
0,0.360000,0.800000,0.200000,1.000000,1,16,0.500000,0.079098,0,-0.000656,0.000000,n4577
0,0.360000,0.800000,0.200000,1.000000,1,16,0.500000,0.079098,0,-0.053609,0.240021,n4629
0,0.360000,0.800000,0.200000,1.000000,1,16,0.500000,0.079098,0,-0.003460,0.000000,n5190
0,0.360000,0.800000,0.200000,1.000000,1,16,0.500000,0.079098,0,-0.002002,0.000000,n5230
0,0.360000,0.800000,0.200000,1.000000,1,16,0.500000,0.079098,0,-0.110776,0.000000,n5389
0,0.360000,0.800000,0.200000,1.000000,1,16,0.500000,0.079098,0,-0.025708,0.000000,n5516
0,0.360000,0.800000,0.200000,1.000000,1,16,0.500000,0.079098,0,0.000592,0.240021,n5557
0,0.360000,0.800000,0.200000,1.000000,1,16,0.500000,0.079098,0,-0.098688,0.000000,n5725
0,0.360000,0.800000,0.200000,1.000000,1,16,0.500000,0.079098,0,-0.094508,0.000000,n6128
0,0.360000,0.800000,0.200000,1.000000,1,16,0.500000,0.079098,0,-0.004977,0.000000,n6719
0,0.360000,0.800000,0.200000,1.000000,1,16,0.500000,0.079098,0,-0.201873,0.000031,n6874
0,0.360000,0.800000,0.200000,1.000000,1,16,0.500000,0.079098,0,-0.004625,0.140015,n6943
0,0.360000,0.800000,0.200000,1.000000,1,16,0.500000,0.079098,0,-0.030441,0.000000,n7293
0,0.360000,0.800000,0.200000,1.000000,1,16,0.500000,0.079098,0,-0.081710,0.000000,n7389
0,0.360000,0.800000,0.200000,1.000000,1,16,0.500000,0.079098,1,0.000000,0.000000,n7631
0,0.360000,0.800000,0.200000,1.000000,1,16,0.500000,0.079098,0,-0.171951,0.000000,n7721
0,0.360000,0.800000,0.200000,1.000000,1,16,0.500000,0.079098,1,-0.174070,-0.359985,n7724
0,0.360000,0.800000,0.200000,1.000000,1,16,0.500000,0.079098,0,-0.137600,0.000000,n7854
0,0.360000,0.800000,0.200000,1.000000,1,16,0.500000,0.079098,1,0.006312,0.000000,n7935
0,0.360000,0.800000,0.200000,1.000000,1,16,0.500000,0.079098,0,-0.051795,0.000000,n8595
0,0.360000,0.800000,0.200000,1.000000,1,16,0.500000,0.079098,0,-0.115691,0.000000,n8917
0,0.360000,0.800000,0.200000,1.000000,1,16,0.500000,0.079098,0,2.437968,12.959961,n8953
0,0.360000,0.800000,0.200000,1.000000,1,16,0.500000,0.079098,0,-0.201486,0.000000,n9415
0,0.360000,0.800000,0.200000,1.000000,1,16,0.500000,0.079098,0,-0.068357,0.459991,n9729
0,0.360000,0.800000,0.200000,1.000000,1,16,0.500000,0.079098,0,-0.048516,0.000000,n9870
0,0.360000,0.800000,0.200000,1.000000,1,16,0.500000,0.079098,0,-0.055293,0.500000,n9953
0,0.360000,0.800000,0.200000,1.000000,1,16,0.500000,0.079098,0,-0.200441,0.000000,n10129
0,0.360000,0.800000,0.200000,1.000000,1,16,0.500000,0.079098,0,-0.002682,0.000000,n10162
0,0.360000,0.800000,0.200000,1.000000,1,16,0.500000,0.079098,0,0.231544,1.189972,n10756
0,0.360000,0.800000,0.200000,1.000000,1,16,0.500000,0.079098,0,0.640599,3.009979,n10830
0,0.360000,0.800000,0.200000,1.000000,1,16,0.500000,0.079098,0,-0.009581,0.000000,n10950
0,0.360000,0.800000,0.200000,1.000000,1,16,0.500000,0.079098,0,0.353044,1.739990,n11216
0,0.360000,0.800000,0.200000,1.000000,1,16,0.500000,0.079098,1,-0.082624,-0.139984,n11222
0,0.360000,0.800000,0.200000,1.000000,1,16,0.500000,0.079098,0,-0.131422,0.289948,n11615
0,0.360000,0.800000,0.200000,1.000000,1,16,0.500000,0.079098,0,-0.111812,-0.000031,n11687
0,0.360000,0.800000,0.200000,1.000000,1,16,0.500000,0.079098,0,0.035510,0.739990,n11957
0,0.360000,0.800000,0.200000,1.000000,1,16,0.500000,0.079098,0,-0.190355,0.000000,n13216
0,0.360000,0.800000,0.200000,1.000000,1,16,0.500000,0.079098,0,-0.025385,0.000000,n13744
0,0.360000,0.800000,0.200000,1.000000,1,16,0.500000,0.079098,0,-0.019381,0.000000,n14488
0,0.360000,0.800000,0.200000,1.000000,1,16,0.500000,0.079098,0,0.028959,0.470001,n14593
0,0.360000,0.800000,0.200000,1.000000,1,16,0.500000,0.079098,0,-0.020391,0.000000,n15613
0,0.360000,0.800000,0.200000,1.000000,1,16,0.500000,0.079098,0,0.063898,0.739990,n15709
0,0.360000,0.800000,0.200000,1.000000,1,16,0.500000,0.079098,0,0.014396,0.639984,n16059
0,0.360000,0.800000,0.200000,1.000000,1,16,0.500000,0.079098,0,0.001401,0.599976,n16137
0,0.360000,0.800000,0.200000,1.000000,1,16,0.500000,0.079098,0,-0.000273,0.000000,n16240
0,0.360000,0.800000,0.200000,1.000000,1,16,0.500000,0.079098,0,-0.018551,0.000000,n16900
0,0.360000,0.800000,0.200000,1.000000,1,16,0.500000,0.079098,0,-0.021724,0.000000,n17109
0,0.360000,0.800000,0.200000,1.000000,1,16,0.500000,0.079098,0,-0.061740,0.059967,n17179
0,0.360000,0.800000,0.200000,1.000000,1,16,0.500000,0.079098,1,0.001801,0.000000,n17426
0,0.360000,0.800000,0.200000,1.000000,1,16,0.500000,0.079098,1,0.008934,0.000000,n17898
0,0.360000,0.800000,0.200000,1.000000,1,16,0.500000,0.079098,0,-0.006235,0.000000,n18335
0,0.360000,0.800000,0.200000,1.000000,1,16,0.500000,0.079098,1,0.010360,0.000000,n18831
0,0.360000,0.800000,0.200000,1.000000,1,16,0.500000,0.079098,0,-0.008765,0.000000,n18914
0,0.360000,0.800000,0.200000,1.000000,1,16,0.500000,0.079098,0,-0.140776,-0.000031,n19348
0,0.360000,0.800000,0.200000,1.000000,1,16,0.500000,0.079098,0,-0.004927,0.000000,n19616
0,0.360000,0.800000,0.200000,1.000000,1,16,0.500000,0.079098,0,-0.180308,0.000000,n19960
0,0.360000,0.800000,0.200000,1.000000,1,16,0.500000,0.079098,1,0.000386,0.000000,n19968
0,0.360000,0.800000,0.200000,1.000000,1,16,0.500000,0.079098,0,-0.004092,0.000000,n20286
0,0.360000,0.800000,0.200000,1.000000,1,16,0.500000,0.079098,0,0.177794,0.640015,n20420
0,0.360000,0.800000,0.200000,1.000000,1,16,0.500000,0.079098,0,-0.010928,0.000000,n20666
0,0.360000,0.800000,0.200000,1.000000,1,16,0.500000,0.079098,0,-0.014692,0.000000,n20763
0,0.360000,0.800000,0.200000,1.000000,1,16,0.500000,0.079098,0,-0.119756,0.000000,n21247
0,0.360000,0.800000,0.200000,1.000000,1,16,0.500000,0.079098,0,-0.067334,0.000000,n21301
0,0.360000,0.800000,0.200000,1.000000,1,16,0.500000,0.079098,0,-0.026416,0.000000,n21660
0,0.360000,0.800000,0.200000,1.000000,1,16,0.500000,0.079098,0,-0.083130,-0.000031,n21829
0,0.360000,0.800000,0.200000,1.000000,1,16,0.500000,0.079098,0,0.173023,0.640015,n21962
0,0.360000,0.800000,0.200000,1.000000,1,16,0.500000,0.079098,0,-0.002378,0.000000,n22003
0,0.360000,0.800000,0.200000,1.000000,1,16,0.500000,0.079098,0,-0.086475,0.000000,n22196
0,0.360000,0.800000,0.200000,1.000000,1,16,0.500000,0.079098,0,0.129058,0.640015,n22266
0,0.360000,0.800000,0.200000,1.000000,1,16,0.500000,0.079098,0,0.019233,0.079956,n22426
0,0.360000,0.800000,0.200000,1.000000,1,16,0.500000,0.079098,0,-0.026699,0.000000,n22554
0,0.360000,0.800000,0.200000,1.000000,1,16,0.500000,0.079098,0,-0.060586,0.769989,n22699
0,0.360000,0.800000,0.200000,1.000000,1,16,0.500000,0.079098,0,-0.278126,-0.000031,n22726
0,0.360000,0.800000,0.200000,1.000000,1,16,0.500000,0.079098,0,0.090034,0.600006,n22846
0,0.360000,0.800000,0.200000,1.000000,1,16,0.500000,0.079098,0,-0.076656,0.000000,n23046
0,0.360000,0.800000,0.200000,1.000000,1,16,0.500000,0.079098,0,-0.082500,0.000000,n23398
0,0.360000,0.800000,0.200000,1.000000,1,16,0.500000,0.079098,0,-0.119058,0.000000,n23923
0,0.360000,0.800000,0.200000,1.000000,1,16,0.500000,0.079098,0,-0.002324,0.000000,n24212
0,0.360000,0.800000,0.200000,1.000000,1,16,0.500000,0.079098,0,-0.047837,0.000000,n24830
0,0.360000,0.800000,0.200000,1.000000,1,16,0.500000,0.079098,0,-0.028784,0.000000,n25197
0,0.360000,0.800000,0.200000,1.000000,1,16,0.500000,0.079098,0,0.022979,0.640015,n25514
0,0.360000,0.800000,0.200000,1.000000,1,16,0.500000,0.079098,0,-0.064121,0.000000,n26269
0,0.360000,0.800000,0.200000,1.000000,1,16,0.500000,0.079098,0,0.155533,0.979980,n26469
0,0.360000,0.800000,0.200000,1.000000,1,16,0.500000,0.079098,0,-0.175215,0.000000,n26603
0,0.360000,0.800000,0.200000,1.000000,1,16,0.500000,0.079098,0,0.034546,0.599976,n26611
0,0.360000,0.800000,0.200000,1.000000,1,16,0.500000,0.079098,0,-0.029336,0.000000,n26701
0,0.360000,0.800000,0.200000,1.000000,1,16,0.500000,0.079098,0,-0.007480,0.000000,n26739
0,0.360000,0.800000,0.200000,1.000000,1,16,0.500000,0.079098,0,-0.162579,-0.000031,n26944
0,0.360000,0.800000,0.200000,1.000000,1,16,0.500000,0.079098,0,-0.007480,0.769958,n27004
0,0.360000,0.800000,0.200000,1.000000,1,16,0.500000,0.079098,0,-0.091949,0.000000,n27130
0,0.360000,0.800000,0.200000,1.000000,1,16,0.500000,0.079098,0,-0.120811,0.000000,n27477
0,0.360000,0.800000,0.200000,1.000000,1,16,0.500000,0.079098,0,-0.001167,0.000000,n27490
0,0.360000,0.800000,0.200000,1.000000,1,16,0.500000,0.079098,0,-0.070791,0.000000,n28278
0,0.360000,0.800000,0.200000,1.000000,1,16,0.500000,0.079098,0,0.242310,1.559967,n28403
0,0.360000,0.800000,0.200000,1.000000,1,16,0.500000,0.079098,0,-0.000635,0.000000,n28410
0,0.360000,0.800000,0.200000,1.000000,1,16,0.500000,0.079098,0,0.166114,0.639984,n28546
0,0.360000,0.800000,0.200000,1.000000,1,16,0.500000,0.079098,0,-0.001743,0.000000,n28553
0,0.360000,0.800000,0.200000,1.000000,1,16,0.500000,0.079098,0,0.017061,0.640015,n28578
0,0.360000,0.800000,0.200000,1.000000,1,16,0.500000,0.079098,0,-0.005454,0.739960,n28668
0,0.360000,0.800000,0.200000,1.000000,1,16,0.500000,0.079098,0,-0.047359,0.000000,n28705
0,0.360000,0.800000,0.200000,1.000000,1,16,0.500000,0.079098,1,0.000000,0.000000,n28776
0,0.360000,0.800000,0.200000,1.000000,1,16,0.500000,0.079098,0,-0.084112,0.529999,n28860
0,0.360000,0.800000,0.200000,1.000000,1,16,0.500000,0.079098,0,-0.000898,0.000000,n29132
0,0.360000,0.800000,0.200000,1.000000,1,16,0.500000,0.079098,0,0.193419,0.899994,n29305
0,0.360000,0.800000,0.200000,1.000000,1,16,0.500000,0.079098,0,-0.032808,0.000000,n29369
0,0.360000,0.800000,0.200000,1.000000,1,16,0.500000,0.079098,0,-0.003003,0.000000,n29508
0,0.360000,0.800000,0.200000,1.000000,1,16,0.500000,0.079098,0,-0.001548,0.000000,n29512
0,0.360000,0.800000,0.200000,1.000000,1,16,0.500000,0.079098,0,-0.032857,0.000000,n29600
0,0.360000,0.800000,0.200000,1.000000,1,16,0.500000,0.079098,0,-0.084829,0.000000,n29754
0,0.360000,0.800000,0.200000,1.000000,1,16,0.500000,0.079098,0,-0.036553,0.000000,n29845
0,0.360000,0.800000,0.200000,1.000000,1,16,0.500000,0.079098,0,-0.070615,0.000000,n30210
0,0.360000,0.800000,0.200000,1.000000,1,16,0.500000,0.079098,0,0.002173,0.599976,n31398
0,0.360000,0.800000,0.200000,1.000000,1,16,0.500000,0.079098,1,0.000000,0.000000,n32415
0,0.360000,0.800000,0.200000,1.000000,1,16,0.500000,0.079098,1,0.000000,0.000000,n32643
0,0.360000,0.800000,0.200000,1.000000,1,16,0.500000,0.079098,0,-0.000645,0.000000,n32818
0,0.360000,0.800000,0.200000,1.000000,1,16,0.500000,0.079098,0,-0.005439,0.000000,n32822
0,0.360000,0.800000,0.200000,1.000000,1,16,0.500000,0.079098,1,0.000400,0.000000,n32830
0,0.360000,0.800000,0.200000,1.000000,1,16,0.500000,0.079098,0,-0.003628,0.000000,n32909
0,0.360000,0.800000,0.200000,1.000000,1,16,0.500000,0.079098,0,-0.015962,0.000000,n33061
0,0.360000,0.800000,0.200000,1.000000,1,16,0.500000,0.079098,0,-0.001255,0.000000,n33187
0,0.360000,0.800000,0.200000,1.000000,1,16,0.500000,0.079098,0,-0.157067,-0.000031,n33454
0,0.360000,0.800000,0.200000,1.000000,1,16,0.500000,0.079098,0,-0.002388,0.000000,n33674
0,0.360000,0.800000,0.200000,1.000000,1,16,0.500000,0.079098,0,-0.021836,0.000000,n33689
0,0.360000,0.800000,0.200000,1.000000,1,16,0.500000,0.079098,0,-0.000010,0.000000,n33741
0,0.360000,0.800000,0.200000,1.000000,1,16,0.500000,0.079098,0,-0.006431,0.000000,n33799
0,0.360000,0.800000,0.200000,1.000000,1,16,0.500000,0.079098,1,0.000015,0.000000,n33974
0,0.360000,0.800000,0.200000,1.000000,1,16,0.500000,0.079098,0,-0.008740,0.000000,n34341
0,0.360000,0.800000,0.200000,1.000000,1,16,0.500000,0.079098,0,-0.013150,0.000000,n34412
0,0.360000,0.800000,0.200000,1.000000,1,16,0.500000,0.079098,0,-0.124913,0.000000,n34478
0,0.360000,0.800000,0.200000,1.000000,1,16,0.500000,0.079098,0,0.038282,0.739990,n34493
0,0.360000,0.800000,0.200000,1.000000,1,16,0.500000,0.079098,0,-0.114850,0.000000,n34675
0,0.360000,0.800000,0.200000,1.000000,1,16,0.500000,0.079098,0,-0.011240,0.000000,n34805
0,0.360000,0.800000,0.200000,1.000000,1,16,0.500000,0.079098,0,-0.120240,0.739990,n34994
0,0.360000,0.800000,0.200000,1.000000,1,16,0.500000,0.079098,0,-0.000513,0.000000,n35072
0,0.360000,0.800000,0.200000,1.000000,1,16,0.500000,0.079098,0,-0.100753,-0.000031,n35092
0,0.360000,0.800000,0.200000,1.000000,1,16,0.500000,0.079098,0,-0.130211,0.079956,n35117
0,0.360000,0.800000,0.200000,1.000000,1,16,0.500000,0.079098,0,-0.018687,0.000000,n35157
0,0.360000,0.800000,0.200000,1.000000,1,16,0.500000,0.079098,0,-0.013731,0.000000,n35197
0,0.360000,0.800000,0.200000,1.000000,1,16,0.500000,0.079098,0,-0.034116,0.000000,n35246
0,0.360000,0.800000,0.200000,1.000000,1,16,0.500000,0.079098,0,-0.001050,0.000000,n35304
0,0.360000,0.800000,0.200000,1.000000,1,16,0.500000,0.079098,0,-0.062271,0.000000,n35315
0,0.360000,0.800000,0.200000,1.000000,1,16,0.500000,0.079098,0,-0.018779,0.000000,n35371
0,0.360000,0.800000,0.200000,1.000000,1,16,0.500000,0.079098,0,-0.049878,0.000000,n35524
0,0.360000,0.800000,0.200000,1.000000,1,16,0.500000,0.079098,0,0.105899,0.640015,n35558
0,0.360000,0.800000,0.200000,1.000000,1,16,0.500000,0.079098,0,-0.003442,0.000000,n35561
0,0.360000,0.800000,0.200000,1.000000,1,16,0.500000,0.079098,0,-0.002549,0.000000,n35839
0,0.360000,0.800000,0.200000,1.000000,1,16,0.500000,0.079098,0,-0.120894,-0.000031,n35942
0,0.360000,0.800000,0.200000,1.000000,1,16,0.500000,0.079098,0,-0.020059,0.000000,n36077
0,0.360000,0.800000,0.200000,1.000000,1,16,0.500000,0.079098,0,-0.077711,0.000000,n36203
0,0.360000,0.800000,0.200000,1.000000,1,16,0.500000,0.079098,0,-0.028111,0.000000,n36227
0,0.360000,0.800000,0.200000,1.000000,1,16,0.500000,0.079098,0,0.162189,0.640015,n36464
0,0.360000,0.800000,0.200000,1.000000,1,16,0.500000,0.079098,0,-0.077642,0.000000,n36871
0,0.360000,0.800000,0.200000,1.000000,1,16,0.500000,0.079098,0,-0.024282,0.000000,n37065
0,0.360000,0.800000,0.200000,1.000000,1,16,0.500000,0.079098,1,-0.137970,-0.030029,n37428
0,0.360000,0.800000,0.200000,1.000000,1,16,0.500000,0.079098,0,-0.033216,0.000000,n37702
0,0.360000,0.800000,0.200000,1.000000,1,16,0.500000,0.079098,0,-0.022362,0.000031,n37873
0,0.360000,0.800000,0.200000,1.000000,1,16,0.500000,0.079098,0,-0.002419,0.000000,n37905
0,0.360000,0.800000,0.200000,1.000000,1,16,0.500000,0.079098,0,-0.004901,0.000000,n38095
0,0.360000,0.800000,0.200000,1.000000,1,16,0.500000,0.079098,0,-0.013122,0.770020,n38115
0,0.360000,0.800000,0.200000,1.000000,1,16,0.500000,0.079098,0,-0.078398,0.000000,n38350
0,0.360000,0.800000,0.200000,1.000000,1,16,0.500000,0.079098,0,-0.014609,0.000000,n38553
0,0.360000,0.800000,0.200000,1.000000,1,16,0.500000,0.079098,0,0.280094,0.949982,n38657
0,0.360000,0.800000,0.200000,1.000000,1,16,0.500000,0.079098,0,-0.041735,0.110016,n38777
0,0.360000,0.800000,0.200000,1.000000,1,16,0.500000,0.079098,0,0.092271,0.769989,n39153
0,0.360000,0.800000,0.200000,1.000000,1,16,0.500000,0.079098,0,-0.068602,0.000031,n39167
0,0.360000,0.800000,0.200000,1.000000,1,16,0.500000,0.079098,0,-0.000536,0.000000,n39593
0,0.360000,0.800000,0.200000,1.000000,1,16,0.500000,0.079098,1,0.003945,0.000000,n40050
0,0.360000,0.800000,0.200000,1.000000,1,16,0.500000,0.079098,0,-0.086540,0.000000,n40110
0,0.360000,0.800000,0.200000,1.000000,1,16,0.500000,0.079098,0,-0.152629,0.000031,n40112
0,0.360000,0.800000,0.200000,1.000000,1,16,0.500000,0.079098,0,-0.000990,0.000000,n40799
0,0.360000,0.800000,0.200000,1.000000,1,16,0.500000,0.079098,0,-0.001970,0.000000,n41047
0,0.360000,0.800000,0.200000,1.000000,1,16,0.500000,0.079098,0,-0.001282,0.000000,n41134
0,0.360000,0.800000,0.200000,1.000000,1,16,0.500000,0.079098,0,-0.001053,0.000000,n41226
0,0.360000,0.800000,0.200000,1.000000,1,16,0.500000,0.079098,0,-0.001994,0.000000,n41561
0,0.360000,0.800000,0.200000,1.000000,1,16,0.500000,0.079098,1,0.000434,0.000000,n41750
0,0.360000,0.800000,0.200000,1.000000,1,16,0.500000,0.079098,0,-0.025323,0.000000,n41847
0,0.360000,0.800000,0.200000,1.000000,1,16,0.500000,0.079098,1,0.000000,0.000000,n42273
0,0.360000,0.800000,0.200000,1.000000,1,16,0.500000,0.079098,0,-0.000780,0.000000,n43511
0,0.360000,0.800000,0.200000,1.000000,1,16,0.500000,0.079098,0,0.193395,0.670044,n44025
0,0.360000,0.800000,0.200000,1.000000,1,16,0.500000,0.079098,0,-0.014887,0.000000,n44206
0,0.360000,0.800000,0.200000,1.000000,1,16,0.500000,0.079098,0,-0.004647,0.000000,n44659
0,0.360000,0.800000,0.200000,1.000000,1,16,0.500000,0.079098,0,-0.015921,0.000000,n44975
0,0.360000,0.800000,0.200000,1.000000,1,16,0.500000,0.079098,0,-0.108250,0.090027,n45063
0,0.360000,0.800000,0.200000,1.000000,1,16,0.500000,0.079098,0,-0.024640,0.000000,n45403
0,0.360000,0.800000,0.200000,1.000000,1,16,0.500000,0.079098,0,0.027746,0.520020,n45451
0,0.360000,0.800000,0.200000,1.000000,1,16,0.500000,0.079098,0,-0.082591,0.000000,n45609
0,0.360000,0.800000,0.200000,1.000000,1,16,0.500000,0.079098,0,-0.102315,0.000031,n46216
0,0.360000,0.800000,0.200000,1.000000,1,16,0.500000,0.079098,0,0.041756,0.769989,n46508
0,0.360000,0.800000,0.200000,1.000000,1,16,0.500000,0.079098,0,-0.221064,0.000000,n46587
0,0.360000,0.800000,0.200000,1.000000,1,16,0.500000,0.079098,0,-0.008153,0.000000,n46632
0,0.360000,0.800000,0.200000,1.000000,1,16,0.500000,0.079098,1,0.008090,0.000031,n46987
0,0.360000,0.800000,0.200000,1.000000,1,16,0.500000,0.079098,1,0.000000,0.000000,n47371
0,0.360000,0.800000,0.200000,1.000000,1,16,0.500000,0.079098,1,0.000000,0.000000,n47960
0,0.360000,0.800000,0.200000,1.000000,1,16,0.500000,0.079098,0,0.152222,0.670013,n48687
0,0.360000,0.800000,0.200000,1.000000,1,16,0.500000,0.079098,0,0.104138,0.670013,n48846
0,0.360000,0.800000,0.200000,1.000000,1,16,0.500000,0.079098,0,-0.084231,0.000000,n49513
0,0.360000,0.800000,0.200000,1.000000,1,16,0.500000,0.079098,1,0.009851,0.000000,n49586
0,0.360000,0.800000,0.200000,1.000000,1,16,0.500000,0.079098,0,-0.006482,0.000000,n49830
0,0.360000,0.800000,0.200000,1.000000,1,16,0.500000,0.079098,0,-0.053020,0.000000,n49869
0,0.360000,0.800000,0.200000,1.000000,1,16,0.500000,0.079098,0,-0.000283,0.000000,n50570
0,0.360000,0.800000,0.200000,1.000000,1,16,0.500000,0.079098,0,-0.026313,0.000000,n50767
0,0.360000,0.800000,0.200000,1.000000,1,16,0.500000,0.079098,0,-0.011783,0.000000,n50785
0,0.360000,0.800000,0.200000,1.000000,1,16,0.500000,0.079098,0,0.108313,0.669983,n50815
0,0.360000,0.800000,0.200000,1.000000,1,16,0.500000,0.079098,0,-0.006989,0.000000,n51008
0,0.360000,0.800000,0.200000,1.000000,1,16,0.500000,0.079098,0,-0.009472,0.769958,n51339
0,0.360000,0.800000,0.200000,1.000000,1,16,0.500000,0.079098,1,0.000351,0.000000,n51431
0,0.360000,0.800000,0.200000,1.000000,1,16,0.500000,0.079098,1,0.009081,0.000000,n51946
0,0.360000,0.800000,0.200000,1.000000,1,16,0.500000,0.079098,0,-0.010594,0.000000,n52051
0,0.360000,0.800000,0.200000,1.000000,1,16,0.500000,0.079098,1,0.000000,0.000000,n52085
0,0.360000,0.800000,0.200000,1.000000,1,16,0.500000,0.079098,0,-0.015350,0.000000,n52265
0,0.360000,0.800000,0.200000,1.000000,1,16,0.500000,0.079098,0,-0.006326,0.000000,n52269
0,0.360000,0.800000,0.200000,1.000000,1,16,0.500000,0.079098,0,-0.039275,0.000000,n52395
0,0.360000,0.800000,0.200000,1.000000,1,16,0.500000,0.079098,0,-0.086866,0.000000,n52429
0,0.360000,0.800000,0.200000,1.000000,1,16,0.500000,0.079098,0,-0.055059,0.329987,n52569
0,0.360000,0.800000,0.200000,1.000000,1,16,0.500000,0.079098,0,0.333974,1.579987,n52989
0,0.360000,0.800000,0.200000,1.000000,1,16,0.500000,0.079098,0,-0.003297,0.000000,n54022
0,0.360000,0.800000,0.200000,1.000000,1,16,0.500000,0.079098,0,-0.050079,0.699951,n54844
0,0.360000,0.800000,0.200000,1.000000,1,16,0.500000,0.079098,0,-0.096646,0.000000,n55052
0,0.360000,0.800000,0.200000,1.000000,1,16,0.500000,0.079098,0,0.193575,1.589935,n55290
0,0.360000,0.800000,0.200000,1.000000,1,16,0.500000,0.079098,1,0.020306,0.000000,n55318
0,0.360000,0.800000,0.200000,1.000000,1,16,0.500000,0.079098,0,0.050367,0.799957,n55854
0,0.360000,0.800000,0.200000,1.000000,1,16,0.500000,0.079098,1,0.002537,0.000000,n56041
0,0.360000,0.800000,0.200000,1.000000,1,16,0.500000,0.079098,0,-0.030424,0.000000,n56266
0,0.360000,0.800000,0.200000,1.000000,1,16,0.500000,0.079098,0,0.097576,0.889984,n56840
0,0.360000,0.800000,0.200000,1.000000,1,16,0.500000,0.079098,0,-0.127214,0.049988,n56863
0,0.360000,0.800000,0.200000,1.000000,1,16,0.500000,0.079098,0,0.179237,0.669983,n57180
0,0.360000,0.800000,0.200000,1.000000,1,16,0.500000,0.079098,0,-0.188633,0.169983,n57236
0,0.360000,0.800000,0.200000,1.000000,1,16,0.500000,0.079098,0,-0.001571,0.000000,n57365
0,0.360000,0.800000,0.200000,1.000000,1,16,0.500000,0.079098,0,-0.014041,0.000000,n57425
0,0.360000,0.800000,0.200000,1.000000,1,16,0.500000,0.079098,0,-0.007050,0.000000,n57492
0,0.360000,0.800000,0.200000,1.000000,1,16,0.500000,0.079098,0,0.288731,1.579987,n57688
0,0.360000,0.800000,0.200000,1.000000,1,16,0.500000,0.079098,0,-0.013675,0.000000,n57714
0,0.360000,0.800000,0.200000,1.000000,1,16,0.500000,0.079098,0,-0.018413,0.000000,n57817
0,0.360000,0.800000,0.200000,1.000000,1,16,0.500000,0.079098,0,-0.003293,0.000000,n57941
0,0.360000,0.800000,0.200000,1.000000,1,16,0.500000,0.079098,0,-0.002478,0.000000,n58577
0,0.360000,0.800000,0.200000,1.000000,1,16,0.500000,0.079098,0,-0.008343,0.000000,n58653
0,0.360000,0.800000,0.200000,1.000000,1,16,0.500000,0.079098,1,0.000781,0.000000,n58861
0,0.360000,0.800000,0.200000,1.000000,1,16,0.500000,0.079098,0,-0.033859,0.000000,n59198
0,0.360000,0.800000,0.200000,1.000000,1,16,0.500000,0.079098,0,-0.000605,0.089966,n59206
0,0.360000,0.800000,0.200000,1.000000,1,16,0.500000,0.079098,0,-0.000127,0.000000,n59258
0,0.360000,0.800000,0.200000,1.000000,1,16,0.500000,0.079098,0,-0.040738,0.000000,n59340
0,0.360000,0.800000,0.200000,1.000000,1,16,0.500000,0.079098,0,-0.187498,0.000000,n59625
0,0.360000,0.800000,0.200000,1.000000,1,16,0.500000,0.079098,0,-0.001600,0.000000,n59698
0,0.360000,0.800000,0.200000,1.000000,1,16,0.500000,0.079098,0,-0.050559,0.169983,n59936
0,0.360000,0.800000,0.200000,1.000000,1,16,0.500000,0.079098,0,-0.137563,0.000000,n60253
0,0.360000,0.800000,0.200000,1.000000,1,16,0.500000,0.079098,0,-0.008470,0.000000,n60571
0,0.360000,0.800000,0.200000,1.000000,1,16,0.500000,0.079098,0,-0.012987,0.000000,n60636
0,0.360000,0.800000,0.200000,1.000000,1,16,0.500000,0.079098,0,0.107071,0.559998,n60641
0,0.360000,0.800000,0.200000,1.000000,1,16,0.500000,0.079098,0,-0.000742,0.000000,n61029
0,0.360000,0.800000,0.200000,1.000000,1,16,0.500000,0.079098,0,-0.079388,0.000000,n61056
0,0.360000,0.800000,0.200000,1.000000,1,16,0.500000,0.079098,1,0.000395,0.000000,n61175
0,0.360000,0.800000,0.200000,1.000000,1,16,0.500000,0.079098,1,0.000649,0.000000,n61255
0,0.360000,0.800000,0.200000,1.000000,1,16,0.500000,0.079098,0,-0.152045,0.000000,n61667
0,0.360000,0.800000,0.200000,1.000000,1,16,0.500000,0.079098,0,-0.001673,0.000000,n62074
0,0.360000,0.800000,0.200000,1.000000,1,16,0.500000,0.079098,0,-0.097646,0.000000,n62141
0,0.360000,0.800000,0.200000,1.000000,1,16,0.500000,0.079098,0,-0.083029,0.000000,n62191
0,0.360000,0.800000,0.200000,1.000000,1,16,0.500000,0.079098,0,-0.166287,0.000000,n62213
0,0.360000,0.800000,0.200000,1.000000,1,16,0.500000,0.079098,0,-0.223160,0.000000,n62302
0,0.360000,0.800000,0.200000,1.000000,1,16,0.500000,0.079098,0,-0.019281,0.000000,n62458
0,0.360000,0.800000,0.200000,1.000000,1,16,0.500000,0.079098,0,-0.023355,0.000000,n63408
0,0.360000,0.800000,0.200000,1.000000,1,16,0.500000,0.079098,0,-0.010714,0.000000,n63461
0,0.360000,0.800000,0.200000,1.000000,1,16,0.500000,0.079098,0,-0.007357,0.000000,n63790
0,0.360000,0.800000,0.200000,1.000000,1,16,0.500000,0.079098,0,-0.035138,0.000000,n64094
0,0.360000,0.800000,0.200000,1.000000,1,16,0.500000,0.079098,0,0.128231,0.619995,n64108
0,0.360000,0.800000,0.200000,1.000000,1,16,0.500000,0.079098,0,-0.091625,0.000000,n64168
0,0.360000,0.800000,0.200000,1.000000,1,16,0.500000,0.079098,0,-0.191940,0.000000,n64201
0,0.360000,0.800000,0.200000,1.000000,1,16,0.500000,0.079098,0,0.184260,0.629974,n64394
0,0.360000,0.800000,0.200000,1.000000,1,16,0.500000,0.079098,0,-0.017930,0.000000,n64608
0,0.360000,0.800000,0.200000,1.000000,1,16,0.500000,0.079098,0,0.030010,0.670013,n64655
0,0.360000,0.800000,0.200000,1.000000,1,16,0.500000,0.079098,0,-0.057985,0.670013,n64965
0,0.360000,0.800000,0.200000,1.000000,1,16,0.500000,0.079098,0,-0.068558,0.000000,n65045
0,0.360000,0.800000,0.200000,1.000000,1,16,0.500000,0.079098,0,-0.007948,0.000000,n65246
0,0.360000,0.800000,0.200000,1.000000,1,16,0.500000,0.079098,0,-0.022375,0.000000,n65508
0,0.360000,0.800000,0.200000,1.000000,1,16,0.500000,0.079098,0,-0.086298,0.000000,n65853
0,0.360000,0.800000,0.200000,1.000000,1,16,0.500000,0.079098,0,-0.128997,0.029999,n66535
0,0.360000,0.800000,0.200000,1.000000,1,16,0.500000,0.079098,0,-0.029649,0.000000,n66540
0,0.360000,0.800000,0.200000,1.000000,1,16,0.500000,0.079098,0,-0.051218,0.000000,n66567
0,0.360000,0.800000,0.200000,1.000000,1,16,0.500000,0.079098,0,-0.030893,0.000000,n67054
0,0.360000,0.800000,0.200000,1.000000,1,16,0.500000,0.079098,0,-0.240016,0.000000,n67230
0,0.360000,0.800000,0.200000,1.000000,1,16,0.500000,0.079098,1,0.002991,0.000000,n67358
0,0.360000,0.800000,0.200000,1.000000,1,16,0.500000,0.079098,0,-0.074815,0.000000,n67560
0,0.360000,0.800000,0.200000,1.000000,1,16,0.500000,0.079098,0,-0.009704,0.000000,n67743
0,0.360000,0.800000,0.200000,1.000000,1,16,0.500000,0.079098,0,-0.012671,0.000000,n67764
0,0.360000,0.800000,0.200000,1.000000,1,16,0.500000,0.079098,1,0.003635,0.000000,n67997
0,0.360000,0.800000,0.200000,1.000000,1,16,0.500000,0.079098,0,-0.014233,0.000000,n68181
0,0.360000,0.800000,0.200000,1.000000,1,16,0.500000,0.079098,0,-0.098301,0.000000,n68274
0,0.360000,0.800000,0.200000,1.000000,1,16,0.500000,0.079098,0,-0.001717,0.000000,n68423
0,0.360000,0.800000,0.200000,1.000000,1,16,0.500000,0.079098,0,-0.024089,0.000000,n68688
0,0.360000,0.800000,0.200000,1.000000,1,16,0.500000,0.079098,0,-0.026928,0.000000,n68731
0,0.360000,0.800000,0.200000,1.000000,1,16,0.500000,0.079098,0,-0.070856,0.000000,n68796
0,0.360000,0.800000,0.200000,1.000000,1,16,0.500000,0.079098,0,-0.006641,0.000000,n69278
0,0.360000,0.800000,0.200000,1.000000,1,16,0.500000,0.079098,0,-0.006836,0.000000,n69473
0,0.360000,0.800000,0.200000,1.000000,1,16,0.500000,0.079098,0,-0.017238,0.000000,n69565
0,0.360000,0.800000,0.200000,1.000000,1,16,0.500000,0.079098,0,-0.018814,0.000000,n69660
0,0.360000,0.800000,0.200000,1.000000,1,16,0.500000,0.079098,0,-0.022620,0.000000,n70259
0,0.360000,0.800000,0.200000,1.000000,1,16,0.500000,0.079098,0,-0.020995,0.000000,n70474
0,0.360000,0.800000,0.200000,1.000000,1,16,0.500000,0.079098,0,-0.163682,-0.000031,n70768
0,0.360000,0.800000,0.200000,1.000000,1,16,0.500000,0.079098,0,-0.000005,0.000000,n71222
0,0.360000,0.800000,0.200000,1.000000,1,16,0.500000,0.079098,0,0.041629,0.629974,n71303
0,0.360000,0.800000,0.200000,1.000000,1,16,0.500000,0.079098,1,0.001586,0.000000,n71401
0,0.360000,0.800000,0.200000,1.000000,1,16,0.500000,0.079098,0,-0.019917,0.000000,n72273
0,0.360000,0.800000,0.200000,1.000000,1,16,0.500000,0.079098,0,-0.066290,0.000000,n72427
0,0.360000,0.800000,0.200000,1.000000,1,16,0.500000,0.079098,1,0.004001,0.000000,n73051
0,0.360000,0.800000,0.200000,1.000000,1,16,0.500000,0.079098,0,-0.067873,0.209991,n73090
0,0.360000,0.800000,0.200000,1.000000,1,16,0.500000,0.079098,0,-0.134473,0.000000,n73348
0,0.360000,0.800000,0.200000,1.000000,1,16,0.500000,0.079098,1,0.000024,0.000000,n73397
0,0.360000,0.800000,0.200000,1.000000,1,16,0.500000,0.079098,0,0.017878,0.629974,n74104
0,0.360000,0.800000,0.200000,1.000000,1,16,0.500000,0.079098,0,0.187225,0.769989,n74251
0,0.360000,0.800000,0.200000,1.000000,1,16,0.500000,0.079098,0,-0.047331,0.000000,n74304
0,0.360000,0.800000,0.200000,1.000000,1,16,0.500000,0.079098,0,-0.141910,0.029999,n74434
0,0.360000,0.800000,0.200000,1.000000,1,16,0.500000,0.079098,0,0.025124,0.699951,n74676
0,0.360000,0.800000,0.200000,1.000000,1,16,0.500000,0.079098,1,0.000185,0.000000,n74696
0,0.360000,0.800000,0.200000,1.000000,1,16,0.500000,0.079098,0,-0.000263,0.000000,n74714
0,0.360000,0.800000,0.200000,1.000000,1,16,0.500000,0.079098,0,-0.020645,0.000000,n74966
0,0.360000,0.800000,0.200000,1.000000,1,16,0.500000,0.079098,0,-0.023968,0.000000,n75155
0,0.360000,0.800000,0.200000,1.000000,1,16,0.500000,0.079098,0,-0.027008,0.000000,n75180
0,0.360000,0.800000,0.200000,1.000000,1,16,0.500000,0.079098,0,-0.000600,0.000000,n75284
0,0.360000,0.800000,0.200000,1.000000,1,16,0.500000,0.079098,0,0.010120,0.699951,n75305
0,0.360000,0.800000,0.200000,1.000000,1,16,0.500000,0.079098,0,-0.001025,0.000000,n75568
0,0.360000,0.800000,0.200000,1.000000,1,16,0.500000,0.079098,0,0.176491,1.049957,n75762
0,0.360000,0.800000,0.200000,1.000000,1,16,0.500000,0.079098,0,-0.057573,0.000000,n75946
0,0.360000,0.800000,0.200000,1.000000,1,16,0.500000,0.079098,0,-0.029418,0.000000,n76008
0,0.360000,0.800000,0.200000,1.000000,1,16,0.500000,0.079098,0,-0.137718,0.000000,n76307
0,0.360000,0.800000,0.200000,1.000000,1,16,0.500000,0.079098,1,0.000000,0.000000,n76321
0,0.360000,0.800000,0.200000,1.000000,1,16,0.500000,0.079098,0,-0.003118,0.000000,n76347
0,0.360000,0.800000,0.200000,1.000000,1,16,0.500000,0.079098,0,-0.001025,0.000000,n76431
0,0.360000,0.800000,0.200000,1.000000,1,16,0.500000,0.079098,0,-0.004406,0.000000,n76672
0,0.360000,0.800000,0.200000,1.000000,1,16,0.500000,0.079098,0,-0.086830,0.169983,n76940
0,0.360000,0.800000,0.200000,1.000000,1,16,0.500000,0.079098,0,-0.016141,0.169983,n76998
0,0.360000,0.800000,0.200000,1.000000,1,16,0.500000,0.079098,0,-0.084532,0.000000,n77252
0,0.360000,0.800000,0.200000,1.000000,1,16,0.500000,0.079098,0,-0.080629,0.000000,n77315
0,0.360000,0.800000,0.200000,1.000000,1,16,0.500000,0.079098,0,-0.008310,0.000000,n77728
0,0.360000,0.800000,0.200000,1.000000,1,16,0.500000,0.079098,0,-0.033478,0.000000,n78164
0,0.360000,0.800000,0.200000,1.000000,1,16,0.500000,0.079098,0,-0.004265,0.000000,n78269
0,0.360000,0.800000,0.200000,1.000000,1,16,0.500000,0.079098,0,-0.085825,0.000000,n78273
0,0.360000,0.800000,0.200000,1.000000,1,16,0.500000,0.079098,0,-0.104445,-0.000031,n78334
0,0.360000,0.800000,0.200000,1.000000,1,16,0.500000,0.079098,0,0.175310,0.699951,n78707
0,0.360000,0.800000,0.200000,1.000000,1,16,0.500000,0.079098,0,-0.007217,0.000000,n78775
0,0.360000,0.800000,0.200000,1.000000,1,16,0.500000,0.079098,0,-0.009110,0.000000,n78783
0,0.360000,0.800000,0.200000,1.000000,1,16,0.500000,0.079098,0,-0.001152,0.000000,n78802
0,0.360000,0.800000,0.200000,1.000000,1,16,0.500000,0.079098,0,0.169401,0.699951,n79189
0,0.360000,0.800000,0.200000,1.000000,1,16,0.500000,0.079098,0,-0.083312,0.000000,n79287
0,0.360000,0.800000,0.200000,1.000000,1,16,0.500000,0.079098,0,-0.074724,0.000000,n79614
0,0.360000,0.800000,0.200000,1.000000,1,16,0.500000,0.079098,0,-0.046780,0.000000,n79662
0,0.360000,0.800000,0.200000,1.000000,1,16,0.500000,0.079098,0,-0.000259,0.000000,n79700
0,0.360000,0.800000,0.200000,1.000000,1,16,0.500000,0.079098,0,-0.014536,0.000000,n79853
0,0.360000,0.800000,0.200000,1.000000,1,16,0.500000,0.079098,0,-0.008437,0.000000,n80054
0,0.360000,0.800000,0.200000,1.000000,1,16,0.500000,0.079098,0,-0.001840,0.000000,n80233
0,0.360000,0.800000,0.200000,1.000000,1,16,0.500000,0.079098,0,-0.002894,0.000000,n80292
0,0.360000,0.800000,0.200000,1.000000,1,16,0.500000,0.079098,0,-0.000127,0.000000,n81014
0,0.360000,0.800000,0.200000,1.000000,1,16,0.500000,0.079098,0,-0.055289,0.000000,n81486
0,0.360000,0.800000,0.200000,1.000000,1,16,0.500000,0.079098,0,-0.016200,0.000000,n82411
0,0.360000,0.800000,0.200000,1.000000,1,16,0.500000,0.079098,0,-0.079975,0.000000,n82556
0,0.360000,0.800000,0.200000,1.000000,1,16,0.500000,0.079098,0,-0.000361,0.000000,n82677
0,0.360000,0.800000,0.200000,1.000000,1,16,0.500000,0.079098,0,-0.008276,0.000000,n82769
0,0.360000,0.800000,0.200000,1.000000,1,16,0.500000,0.079098,0,-0.014555,0.000000,n82852
0,0.360000,0.800000,0.200000,1.000000,1,16,0.500000,0.079098,0,0.102840,0.769989,n82904
0,0.360000,0.800000,0.200000,1.000000,1,16,0.500000,0.079098,0,-0.000644,0.000000,n83024
0,0.360000,0.800000,0.200000,1.000000,1,16,0.500000,0.079098,0,0.122202,0.699951,n83161
0,0.360000,0.800000,0.200000,1.000000,1,16,0.500000,0.079098,0,0.176061,0.699951,n83230
0,0.360000,0.800000,0.200000,1.000000,1,16,0.500000,0.079098,0,-0.003591,0.000000,n83614
0,0.360000,0.800000,0.200000,1.000000,1,16,0.500000,0.079098,0,-0.025578,0.000000,n83700
0,0.360000,0.800000,0.200000,1.000000,1,16,0.500000,0.079098,0,0.178491,1.539978,n83885
0,0.360000,0.800000,0.200000,1.000000,1,16,0.500000,0.079098,0,-0.010403,0.000000,n84405
0,0.360000,0.800000,0.200000,1.000000,1,16,0.500000,0.079098,0,-0.051010,-0.000031,n84497
0,0.360000,0.800000,0.200000,1.000000,1,16,0.500000,0.079098,0,-0.000903,0.000000,n84663
0,0.360000,0.800000,0.200000,1.000000,1,16,0.500000,0.079098,0,-0.015229,0.000000,n84686
0,0.360000,0.800000,0.200000,1.000000,1,16,0.500000,0.079098,0,-0.004440,0.000000,n84854
0,0.360000,0.800000,0.200000,1.000000,1,16,0.500000,0.079098,0,-0.161896,0.000000,n85089
0,0.360000,0.800000,0.200000,1.000000,1,16,0.500000,0.079098,0,-0.163897,0.000000,n85130
0,0.360000,0.800000,0.200000,1.000000,1,16,0.500000,0.079098,0,-0.000776,0.000000,n85269
0,0.360000,0.800000,0.200000,1.000000,1,16,0.500000,0.079098,0,-0.025046,0.000000,n85274
0,0.360000,0.800000,0.200000,1.000000,1,16,0.500000,0.079098,0,-0.119186,0.000000,n85426
0,0.360000,0.800000,0.200000,1.000000,1,16,0.500000,0.079098,0,0.026169,0.529999,n85481
0,0.360000,0.800000,0.200000,1.000000,1,16,0.500000,0.079098,0,-0.221987,0.000000,n85532
0,0.360000,0.800000,0.200000,1.000000,1,16,0.500000,0.079098,0,-0.003074,0.000000,n85795
0,0.360000,0.800000,0.200000,1.000000,1,16,0.500000,0.079098,1,0.000117,0.000000,n86098
0,0.360000,0.800000,0.200000,1.000000,1,16,0.500000,0.079098,0,-0.002337,0.000000,n86147
0,0.360000,0.800000,0.200000,1.000000,1,16,0.500000,0.079098,0,-0.001303,0.000000,n86170
0,0.360000,0.800000,0.200000,1.000000,1,16,0.500000,0.079098,0,-0.006002,0.000000,n86328
0,0.360000,0.800000,0.200000,1.000000,1,16,0.500000,0.079098,1,0.012106,0.000000,n86337
0,0.360000,0.800000,0.200000,1.000000,1,16,0.500000,0.079098,0,-0.013284,0.000000,n86343
0,0.360000,0.800000,0.200000,1.000000,1,16,0.500000,0.079098,0,-0.002313,0.000000,n87082
0,0.360000,0.800000,0.200000,1.000000,1,16,0.500000,0.079098,0,-0.079945,0.000000,n87168
0,0.360000,0.800000,0.200000,1.000000,1,16,0.500000,0.079098,0,-0.122475,0.000000,n87462
0,0.360000,0.800000,0.200000,1.000000,1,16,0.500000,0.079098,0,0.185150,0.869995,n87618
0,0.360000,0.800000,0.200000,1.000000,1,16,0.500000,0.079098,0,-0.147671,0.000000,n88217
0,0.360000,0.800000,0.200000,1.000000,1,16,0.500000,0.079098,0,-0.035176,0.000000,n88372
0,0.360000,0.800000,0.200000,1.000000,1,16,0.500000,0.079098,0,-0.004216,0.000000,n88605
0,0.360000,0.800000,0.200000,1.000000,1,16,0.500000,0.079098,0,-0.038021,0.670013,n89288
0,0.360000,0.800000,0.200000,1.000000,1,16,0.500000,0.079098,1,0.000781,0.000000,n89376
0,0.360000,0.800000,0.200000,1.000000,1,16,0.500000,0.079098,0,-0.011673,0.000000,n89509
0,0.360000,0.800000,0.200000,1.000000,1,16,0.500000,0.079098,0,-0.021209,0.000000,n89724
0,0.360000,0.800000,0.200000,1.000000,1,16,0.500000,0.079098,0,-0.115586,0.000000,n90014
0,0.360000,0.800000,0.200000,1.000000,1,16,0.500000,0.079098,0,-0.010551,0.000000,n90227
0,0.360000,0.800000,0.200000,1.000000,1,16,0.500000,0.079098,0,-0.064261,0.000000,n90305
0,0.360000,0.800000,0.200000,1.000000,1,16,0.500000,0.079098,1,0.001986,0.000000,n91155
0,0.360000,0.800000,0.200000,1.000000,1,16,0.500000,0.079098,0,-0.025548,0.219971,n91196
0,0.360000,0.800000,0.200000,1.000000,1,16,0.500000,0.079098,0,-0.072686,0.529968,n91908
0,0.360000,0.800000,0.200000,1.000000,1,16,0.500000,0.079098,0,-0.064829,0.000000,n92272
0,0.360000,0.800000,0.200000,1.000000,1,16,0.500000,0.079098,0,-0.000239,0.000000,n93074
0,0.360000,0.800000,0.200000,1.000000,1,16,0.500000,0.079098,0,-0.017086,0.000000,n93121
0,0.360000,0.800000,0.200000,1.000000,1,16,0.500000,0.079098,0,0.129067,0.769958,n93439
0,0.360000,0.800000,0.200000,1.000000,1,16,0.500000,0.079098,0,-0.031292,0.000000,n93441
0,0.360000,0.800000,0.200000,1.000000,1,16,0.500000,0.079098,0,-0.041989,0.000000,n93502
0,0.360000,0.800000,0.200000,1.000000,1,16,0.500000,0.079098,0,-0.081182,0.029999,n93807
0,0.360000,0.800000,0.200000,1.000000,1,16,0.500000,0.079098,0,-0.006823,0.000000,n94254
0,0.360000,0.800000,0.200000,1.000000,1,16,0.500000,0.079098,0,-0.012059,0.000000,n94378
0,0.360000,0.800000,0.200000,1.000000,1,16,0.500000,0.079098,0,-0.017818,0.000000,n94923
0,0.360000,0.800000,0.200000,1.000000,1,16,0.500000,0.079098,0,-0.030838,0.000000,n95106
0,0.360000,0.800000,0.200000,1.000000,1,16,0.500000,0.079098,0,-0.049690,0.000000,n95118
0,0.360000,0.800000,0.200000,1.000000,1,16,0.500000,0.079098,0,-0.026290,0.000000,n95164
0,0.360000,0.800000,0.200000,1.000000,1,16,0.500000,0.079098,0,0.094525,0.940002,n95209
0,0.360000,0.800000,0.200000,1.000000,1,16,0.500000,0.079098,0,-0.191514,0.000000,n95406
0,0.360000,0.800000,0.200000,1.000000,1,16,0.500000,0.079098,0,-0.025499,0.000000,n96052
0,0.360000,0.800000,0.200000,1.000000,1,16,0.500000,0.079098,0,-0.002943,0.000000,n96400
0,0.360000,0.800000,0.200000,1.000000,1,16,0.500000,0.079098,1,0.000000,0.000000,n96414
0,0.360000,0.800000,0.200000,1.000000,1,16,0.500000,0.079098,0,-0.000634,0.000000,n96416
0,0.360000,0.800000,0.200000,1.000000,1,16,0.500000,0.079098,0,-0.000922,0.000000,n96566
0,0.360000,0.800000,0.200000,1.000000,1,16,0.500000,0.079098,0,0.025963,0.549988,n97305
0,0.360000,0.800000,0.200000,1.000000,1,16,0.500000,0.079098,1,0.000361,-0.000031,n97599
0,0.360000,0.800000,0.200000,1.000000,1,16,0.500000,0.079098,0,-0.002821,0.000000,n97760
0,0.360000,0.800000,0.200000,1.000000,1,16,0.500000,0.079098,0,-0.025031,0.000000,n98066
0,0.360000,0.800000,0.200000,1.000000,1,16,0.500000,0.079098,0,-0.003748,0.000000,n98142
0,0.360000,0.800000,0.200000,1.000000,1,16,0.500000,0.079098,1,0.000722,0.000000,n98501
0,0.360000,0.800000,0.200000,1.000000,1,16,0.500000,0.079098,0,0.164538,1.350006,n98536
0,0.360000,0.800000,0.200000,1.000000,1,16,0.500000,0.079098,0,0.125218,0.509979,n98594
0,0.360000,0.800000,0.200000,1.000000,1,16,0.500000,0.079098,0,-0.076391,0.029999,n98605
0,0.360000,0.800000,0.200000,1.000000,1,16,0.500000,0.079098,0,-0.016027,0.000000,n98917
0,0.360000,0.800000,0.200000,1.000000,1,16,0.500000,0.079098,0,-0.058988,0.700012,n99134
0,0.360000,0.800000,0.200000,1.000000,1,16,0.500000,0.079098,0,-0.038940,0.000000,n99490
0,0.360000,0.800000,0.200000,1.000000,1,16,0.500000,0.079098,1,0.000000,0.000000,n100353
0,0.360000,0.800000,0.200000,1.000000,1,16,0.500000,0.079098,0,-0.017925,0.000000,n100492
0,0.360000,0.800000,0.200000,1.000000,1,16,0.500000,0.079098,0,-0.018852,0.000000,n100546
0,0.360000,0.800000,0.200000,1.000000,1,16,0.500000,0.079098,1,0.000029,0.000000,n100680
0,0.360000,0.800000,0.200000,1.000000,1,16,0.500000,0.079098,0,-0.008692,0.000000,n100699
0,0.360000,0.800000,0.200000,1.000000,1,16,0.500000,0.079098,0,0.182195,0.699982,n101298
0,0.360000,0.800000,0.200000,1.000000,1,16,0.500000,0.079098,0,-0.010805,0.000000,n101673
0,0.360000,0.800000,0.200000,1.000000,1,16,0.500000,0.079098,0,-0.000112,0.000000,n102185
0,0.360000,0.800000,0.200000,1.000000,1,16,0.500000,0.079098,0,-0.000498,0.000000,n102342
0,0.360000,0.800000,0.200000,1.000000,1,16,0.500000,0.079098,1,0.001698,0.000000,n102348
0,0.360000,0.800000,0.200000,1.000000,1,16,0.500000,0.079098,0,-0.009858,0.000000,n102663
0,0.360000,0.800000,0.200000,1.000000,1,16,0.500000,0.079098,1,0.000146,0.000000,n102737
0,0.360000,0.800000,0.200000,1.000000,1,16,0.500000,0.079098,0,-0.000498,0.000000,n103029
0,0.360000,0.800000,0.200000,1.000000,1,16,0.500000,0.079098,0,-0.097744,0.000000,n103089
0,0.360000,0.800000,0.200000,1.000000,1,16,0.500000,0.079098,0,-0.019092,0.000000,n103179
0,0.360000,0.800000,0.200000,1.000000,1,16,0.500000,0.079098,0,-0.014992,0.000000,n103209
0,0.360000,0.800000,0.200000,1.000000,1,16,0.500000,0.079098,0,-0.007428,0.000000,n103226
0,0.360000,0.800000,0.200000,1.000000,1,16,0.500000,0.079098,0,-0.007750,0.000000,n103308
0,0.360000,0.800000,0.200000,1.000000,1,16,0.500000,0.079098,0,-0.103664,0.000000,n103470
0,0.360000,0.800000,0.200000,1.000000,1,16,0.500000,0.079098,0,-0.006027,0.000031,n103719
0,0.360000,0.800000,0.200000,1.000000,1,16,0.500000,0.079098,0,0.335295,1.790039,n103923
0,0.360000,0.800000,0.200000,1.000000,1,16,0.500000,0.079098,0,-0.001040,0.000000,n104054
0,0.360000,0.800000,0.200000,1.000000,1,16,0.500000,0.079098,0,-0.060931,0.529999,n104320
0,0.360000,0.800000,0.200000,1.000000,1,16,0.500000,0.079098,0,-0.008633,0.000000,n104447
0,0.360000,0.800000,0.200000,1.000000,1,16,0.500000,0.079098,0,-0.020864,0.000000,n104923
0,0.360000,0.800000,0.200000,1.000000,1,16,0.500000,0.079098,1,0.006964,0.000000,n104978
0,0.360000,0.800000,0.200000,1.000000,1,16,0.500000,0.079098,1,0.001445,0.000000,n105063
0,0.360000,0.800000,0.200000,1.000000,1,16,0.500000,0.079098,0,-0.032218,0.000000,n105618
0,0.360000,0.800000,0.200000,1.000000,1,16,0.500000,0.079098,0,-0.000639,0.000000,n105927
0,0.360000,0.800000,0.200000,1.000000,1,16,0.500000,0.079098,0,-0.002045,0.000000,n106441
0,0.360000,0.800000,0.200000,1.000000,1,16,0.500000,0.079098,1,-0.000000,0.000000,n106443
0,0.360000,0.800000,0.200000,1.000000,1,16,0.500000,0.079098,0,-0.057935,0.000000,n106536
0,0.360000,0.800000,0.200000,1.000000,1,16,0.500000,0.079098,0,-0.020489,0.000000,n106712
0,0.360000,0.800000,0.200000,1.000000,1,16,0.500000,0.079098,0,-0.029563,0.000000,n106804
0,0.360000,0.800000,0.200000,1.000000,1,16,0.500000,0.079098,0,-0.077101,0.000000,n106953
0,0.360000,0.800000,0.200000,1.000000,1,16,0.500000,0.079098,0,-0.165048,-0.000031,n106983
